idna_subject,checker_type,destination,source,tested_at,session_id
alpha.telemetry.microsoft.com,AVAILABILITY,origin.list,/home/runner/work/WindowsSpyBlocker-spy_git_crazy-max/WindowsSpyBlocker-spy_git_crazy-max/origin.list,2001-01-21 08:30:08.081242,462b09da92a7a015d55885c9
bl3301-a.1drv.com,AVAILABILITY,origin.list,/home/runner/work/WindowsSpyBlocker-spy_git_crazy-max/WindowsSpyBlocker-spy_git_crazy-max/origin.list,2001-01-21 08:30:08.087313,462b09da92a7a015d55885c9
bl3301-c.1drv.com,AVAILABILITY,origin.list,/home/runner/work/WindowsSpyBlocker-spy_git_crazy-max/WindowsSpyBlocker-spy_git_crazy-max/origin.list,2001-01-21 08:30:08.088128,462b09da92a7a015d55885c9
bl3301-g.1drv.com,AVAILABILITY,origin.list,/home/runner/work/WindowsSpyBlocker-spy_git_crazy-max/WindowsSpyBlocker-spy_git_crazy-max/origin.list,2001-01-21 08:30:08.088961,462b09da92a7a015d55885c9
bn2-ris-prod-atm.trafficmanager.net,AVAILABILITY,origin.list,/home/runner/work/WindowsSpyBlocker-spy_git_crazy-max/WindowsSpyBlocker-spy_git_crazy-max/origin.list,2001-01-21 08:30:08.090653,462b09da92a7a015d55885c9
by3301-a.1drv.com,AVAILABILITY,origin.list,/home/runner/work/WindowsSpyBlocker-spy_git_crazy-max/WindowsSpyBlocker-spy_git_crazy-max/origin.list,2001-01-21 08:30:08.156400,462b09da92a7a015d55885c9
by3301-c.1drv.com,AVAILABILITY,origin.list,/home/runner/work/WindowsSpyBlocker-spy_git_crazy-max/WindowsSpyBlocker-spy_git_crazy-max/origin.list,2001-01-21 08:30:08.158252,462b09da92a7a015d55885c9
by3301-e.1drv.com,AVAILABILITY,origin.list,/home/runner/work/WindowsSpyBlocker-spy_git_crazy-max/WindowsSpyBlocker-spy_git_crazy-max/origin.list,2001-01-21 08:30:08.159963,462b09da92a7a015d55885c9
ca.telemetry.microsoft.com,AVAILABILITY,origin.list,/home/runner/work/WindowsSpyBlocker-spy_git_crazy-max/WindowsSpyBlocker-spy_git_crazy-max/origin.list,2001-01-21 08:30:08.165685,462b09da92a7a015d55885c9
cds1327.lon.llnw.net,AVAILABILITY,origin.list,/home/runner/work/WindowsSpyBlocker-spy_git_crazy-max/WindowsSpyBlocker-spy_git_crazy-max/origin.list,2001-01-21 08:30:08.207281,462b09da92a7a015d55885c9
cds20005.stn.llnw.net,AVAILABILITY,origin.list,/home/runner/work/WindowsSpyBlocker-spy_git_crazy-max/WindowsSpyBlocker-spy_git_crazy-max/origin.list,2001-01-21 08:30:08.211652,462b09da92a7a015d55885c9
cds20404.lcy.llnw.net,AVAILABILITY,origin.list,/home/runner/work/WindowsSpyBlocker-spy_git_crazy-max/WindowsSpyBlocker-spy_git_crazy-max/origin.list,2001-01-21 08:30:08.213808,462b09da92a7a015d55885c9
cds20411.lcy.llnw.net,AVAILABILITY,origin.list,/home/runner/work/WindowsSpyBlocker-spy_git_crazy-max/WindowsSpyBlocker-spy_git_crazy-max/origin.list,2001-01-21 08:30:08.216043,462b09da92a7a015d55885c9
cds20415.lcy.llnw.net,AVAILABILITY,origin.list,/home/runner/work/WindowsSpyBlocker-spy_git_crazy-max/WindowsSpyBlocker-spy_git_crazy-max/origin.list,2001-01-21 08:30:08.218219,462b09da92a7a015d55885c9
cds20416.lcy.llnw.net,AVAILABILITY,origin.list,/home/runner/work/WindowsSpyBlocker-spy_git_crazy-max/WindowsSpyBlocker-spy_git_crazy-max/origin.list,2001-01-21 08:30:08.220936,462b09da92a7a015d55885c9
cds20417.lcy.llnw.net,AVAILABILITY,origin.list,/home/runner/work/WindowsSpyBlocker-spy_git_crazy-max/WindowsSpyBlocker-spy_git_crazy-max/origin.list,2001-01-21 08:30:08.222995,462b09da92a7a015d55885c9
cds20424.lcy.llnw.net,AVAILABILITY,origin.list,/home/runner/work/WindowsSpyBlocker-spy_git_crazy-max/WindowsSpyBlocker-spy_git_crazy-max/origin.list,2001-01-21 08:30:08.225447,462b09da92a7a015d55885c9
cds20425.lcy.llnw.net,AVAILABILITY,origin.list,/home/runner/work/WindowsSpyBlocker-spy_git_crazy-max/WindowsSpyBlocker-spy_git_crazy-max/origin.list,2001-01-21 08:30:08.227622,462b09da92a7a015d55885c9
cds20431.lcy.llnw.net,AVAILABILITY,origin.list,/home/runner/work/WindowsSpyBlocker-spy_git_crazy-max/WindowsSpyBlocker-spy_git_crazy-max/origin.list,2001-01-21 08:30:08.229963,462b09da92a7a015d55885c9
cds20435.lcy.llnw.net,AVAILABILITY,origin.list,/home/runner/work/WindowsSpyBlocker-spy_git_crazy-max/WindowsSpyBlocker-spy_git_crazy-max/origin.list,2001-01-21 08:30:08.232178,462b09da92a7a015d55885c9
cds20440.lcy.llnw.net,AVAILABILITY,origin.list,/home/runner/work/WindowsSpyBlocker-spy_git_crazy-max/WindowsSpyBlocker-spy_git_crazy-max/origin.list,2001-01-21 08:30:08.234810,462b09da92a7a015d55885c9
cds20443.lcy.llnw.net,AVAILABILITY,origin.list,/home/runner/work/WindowsSpyBlocker-spy_git_crazy-max/WindowsSpyBlocker-spy_git_crazy-max/origin.list,2001-01-21 08:30:08.237788,462b09da92a7a015d55885c9
cds20445.lcy.llnw.net,AVAILABILITY,origin.list,/home/runner/work/WindowsSpyBlocker-spy_git_crazy-max/WindowsSpyBlocker-spy_git_crazy-max/origin.list,2001-01-21 08:30:08.240373,462b09da92a7a015d55885c9
cds20450.lcy.llnw.net,AVAILABILITY,origin.list,/home/runner/work/WindowsSpyBlocker-spy_git_crazy-max/WindowsSpyBlocker-spy_git_crazy-max/origin.list,2001-01-21 08:30:08.243142,462b09da92a7a015d55885c9
cds20452.lcy.llnw.net,AVAILABILITY,origin.list,/home/runner/work/WindowsSpyBlocker-spy_git_crazy-max/WindowsSpyBlocker-spy_git_crazy-max/origin.list,2001-01-21 08:30:08.245698,462b09da92a7a015d55885c9
cds20457.lcy.llnw.net,AVAILABILITY,origin.list,/home/runner/work/WindowsSpyBlocker-spy_git_crazy-max/WindowsSpyBlocker-spy_git_crazy-max/origin.list,2001-01-21 08:30:08.248233,462b09da92a7a015d55885c9
cds20461.lcy.llnw.net,AVAILABILITY,origin.list,/home/runner/work/WindowsSpyBlocker-spy_git_crazy-max/WindowsSpyBlocker-spy_git_crazy-max/origin.list,2001-01-21 08:30:08.251052,462b09da92a7a015d55885c9
cds20469.lcy.llnw.net,AVAILABILITY,origin.list,/home/runner/work/WindowsSpyBlocker-spy_git_crazy-max/WindowsSpyBlocker-spy_git_crazy-max/origin.list,2001-01-21 08:30:08.253321,462b09da92a7a015d55885c9
cds20475.lcy.llnw.net,AVAILABILITY,origin.list,/home/runner/work/WindowsSpyBlocker-spy_git_crazy-max/WindowsSpyBlocker-spy_git_crazy-max/origin.list,2001-01-21 08:30:08.255674,462b09da92a7a015d55885c9
cds20482.lcy.llnw.net,AVAILABILITY,origin.list,/home/runner/work/WindowsSpyBlocker-spy_git_crazy-max/WindowsSpyBlocker-spy_git_crazy-max/origin.list,2001-01-21 08:30:08.257843,462b09da92a7a015d55885c9
cds20485.lcy.llnw.net,AVAILABILITY,origin.list,/home/runner/work/WindowsSpyBlocker-spy_git_crazy-max/WindowsSpyBlocker-spy_git_crazy-max/origin.list,2001-01-21 08:30:08.260259,462b09da92a7a015d55885c9
cds20495.lcy.llnw.net,AVAILABILITY,origin.list,/home/runner/work/WindowsSpyBlocker-spy_git_crazy-max/WindowsSpyBlocker-spy_git_crazy-max/origin.list,2001-01-21 08:30:08.262406,462b09da92a7a015d55885c9
cds21205.lon.llnw.net,AVAILABILITY,origin.list,/home/runner/work/WindowsSpyBlocker-spy_git_crazy-max/WindowsSpyBlocker-spy_git_crazy-max/origin.list,2001-01-21 08:30:08.264693,462b09da92a7a015d55885c9
cds21207.lon.llnw.net,AVAILABILITY,origin.list,/home/runner/work/WindowsSpyBlocker-spy_git_crazy-max/WindowsSpyBlocker-spy_git_crazy-max/origin.list,2001-01-21 08:30:08.267502,462b09da92a7a015d55885c9
cds21225.lon.llnw.net,AVAILABILITY,origin.list,/home/runner/work/WindowsSpyBlocker-spy_git_crazy-max/WindowsSpyBlocker-spy_git_crazy-max/origin.list,2001-01-21 08:30:08.270612,462b09da92a7a015d55885c9
cds21229.lon.llnw.net,AVAILABILITY,origin.list,/home/runner/work/WindowsSpyBlocker-spy_git_crazy-max/WindowsSpyBlocker-spy_git_crazy-max/origin.list,2001-01-21 08:30:08.273181,462b09da92a7a015d55885c9
cds21233.lon.llnw.net,AVAILABILITY,origin.list,/home/runner/work/WindowsSpyBlocker-spy_git_crazy-max/WindowsSpyBlocker-spy_git_crazy-max/origin.list,2001-01-21 08:30:08.276236,462b09da92a7a015d55885c9
cds21238.lon.llnw.net,AVAILABILITY,origin.list,/home/runner/work/WindowsSpyBlocker-spy_git_crazy-max/WindowsSpyBlocker-spy_git_crazy-max/origin.list,2001-01-21 08:30:08.279510,462b09da92a7a015d55885c9
cds21244.lon.llnw.net,AVAILABILITY,origin.list,/home/runner/work/WindowsSpyBlocker-spy_git_crazy-max/WindowsSpyBlocker-spy_git_crazy-max/origin.list,2001-01-21 08:30:08.282508,462b09da92a7a015d55885c9
cds21249.lon.llnw.net,AVAILABILITY,origin.list,/home/runner/work/WindowsSpyBlocker-spy_git_crazy-max/WindowsSpyBlocker-spy_git_crazy-max/origin.list,2001-01-21 08:30:08.285301,462b09da92a7a015d55885c9
cds21256.lon.llnw.net,AVAILABILITY,origin.list,/home/runner/work/WindowsSpyBlocker-spy_git_crazy-max/WindowsSpyBlocker-spy_git_crazy-max/origin.list,2001-01-21 08:30:08.288207,462b09da92a7a015d55885c9
cds21257.lon.llnw.net,AVAILABILITY,origin.list,/home/runner/work/WindowsSpyBlocker-spy_git_crazy-max/WindowsSpyBlocker-spy_git_crazy-max/origin.list,2001-01-21 08:30:08.290790,462b09da92a7a015d55885c9
cds21258.lon.llnw.net,AVAILABILITY,origin.list,/home/runner/work/WindowsSpyBlocker-spy_git_crazy-max/WindowsSpyBlocker-spy_git_crazy-max/origin.list,2001-01-21 08:30:08.293805,462b09da92a7a015d55885c9
cds21261.lon.llnw.net,AVAILABILITY,origin.list,/home/runner/work/WindowsSpyBlocker-spy_git_crazy-max/WindowsSpyBlocker-spy_git_crazy-max/origin.list,2001-01-21 08:30:08.297199,462b09da92a7a015d55885c9
cds21267.lon.llnw.net,AVAILABILITY,origin.list,/home/runner/work/WindowsSpyBlocker-spy_git_crazy-max/WindowsSpyBlocker-spy_git_crazy-max/origin.list,2001-01-21 08:30:08.300045,462b09da92a7a015d55885c9
cds21278.lon.llnw.net,AVAILABILITY,origin.list,/home/runner/work/WindowsSpyBlocker-spy_git_crazy-max/WindowsSpyBlocker-spy_git_crazy-max/origin.list,2001-01-21 08:30:08.303070,462b09da92a7a015d55885c9
cds21281.lon.llnw.net,AVAILABILITY,origin.list,/home/runner/work/WindowsSpyBlocker-spy_git_crazy-max/WindowsSpyBlocker-spy_git_crazy-max/origin.list,2001-01-21 08:30:08.306297,462b09da92a7a015d55885c9
cds21293.lon.llnw.net,AVAILABILITY,origin.list,/home/runner/work/WindowsSpyBlocker-spy_git_crazy-max/WindowsSpyBlocker-spy_git_crazy-max/origin.list,2001-01-21 08:30:08.309483,462b09da92a7a015d55885c9
cds21309.lon.llnw.net,AVAILABILITY,origin.list,/home/runner/work/WindowsSpyBlocker-spy_git_crazy-max/WindowsSpyBlocker-spy_git_crazy-max/origin.list,2001-01-21 08:30:08.312372,462b09da92a7a015d55885c9
cds21313.lon.llnw.net,AVAILABILITY,origin.list,/home/runner/work/WindowsSpyBlocker-spy_git_crazy-max/WindowsSpyBlocker-spy_git_crazy-max/origin.list,2001-01-21 08:30:08.315094,462b09da92a7a015d55885c9
cds21321.lon.llnw.net,AVAILABILITY,origin.list,/home/runner/work/WindowsSpyBlocker-spy_git_crazy-max/WindowsSpyBlocker-spy_git_crazy-max/origin.list,2001-01-21 08:30:08.318225,462b09da92a7a015d55885c9
cds299.lcy.llnw.net,AVAILABILITY,origin.list,/home/runner/work/WindowsSpyBlocker-spy_git_crazy-max/WindowsSpyBlocker-spy_git_crazy-max/origin.list,2001-01-21 08:30:08.320933,462b09da92a7a015d55885c9
cds30027.stn.llnw.net,AVAILABILITY,origin.list,/home/runner/work/WindowsSpyBlocker-spy_git_crazy-max/WindowsSpyBlocker-spy_git_crazy-max/origin.list,2001-01-21 08:30:08.326487,462b09da92a7a015d55885c9
cds483.lcy.llnw.net,AVAILABILITY,origin.list,/home/runner/work/WindowsSpyBlocker-spy_git_crazy-max/WindowsSpyBlocker-spy_git_crazy-max/origin.list,2001-01-21 08:30:08.388195,462b09da92a7a015d55885c9
cds815.lon.llnw.net,AVAILABILITY,origin.list,/home/runner/work/WindowsSpyBlocker-spy_git_crazy-max/WindowsSpyBlocker-spy_git_crazy-max/origin.list,2001-01-21 08:30:08.409227,462b09da92a7a015d55885c9
cds843.lon.llnw.net,AVAILABILITY,origin.list,/home/runner/work/WindowsSpyBlocker-spy_git_crazy-max/WindowsSpyBlocker-spy_git_crazy-max/origin.list,2001-01-21 08:30:08.427122,462b09da92a7a015d55885c9
ch3301-c.1drv.com,AVAILABILITY,origin.list,/home/runner/work/WindowsSpyBlocker-spy_git_crazy-max/WindowsSpyBlocker-spy_git_crazy-max/origin.list,2001-01-21 08:30:08.456744,462b09da92a7a015d55885c9
ch3301-e.1drv.com,AVAILABILITY,origin.list,/home/runner/work/WindowsSpyBlocker-spy_git_crazy-max/WindowsSpyBlocker-spy_git_crazy-max/origin.list,2001-01-21 08:30:08.460378,462b09da92a7a015d55885c9
ch3301-g.1drv.com,AVAILABILITY,origin.list,/home/runner/work/WindowsSpyBlocker-spy_git_crazy-max/WindowsSpyBlocker-spy_git_crazy-max/origin.list,2001-01-21 08:30:08.464209,462b09da92a7a015d55885c9
ch3302-c.1drv.com,AVAILABILITY,origin.list,/home/runner/work/WindowsSpyBlocker-spy_git_crazy-max/WindowsSpyBlocker-spy_git_crazy-max/origin.list,2001-01-21 08:30:08.468092,462b09da92a7a015d55885c9
ch3302-e.1drv.com,AVAILABILITY,origin.list,/home/runner/work/WindowsSpyBlocker-spy_git_crazy-max/WindowsSpyBlocker-spy_git_crazy-max/origin.list,2001-01-21 08:30:08.472027,462b09da92a7a015d55885c9
compatexchange1.trafficmanager.net,AVAILABILITY,origin.list,/home/runner/work/WindowsSpyBlocker-spy_git_crazy-max/WindowsSpyBlocker-spy_git_crazy-max/origin.list,2001-01-21 08:30:08.476322,462b09da92a7a015d55885c9
corp.sts.microsoft.com,AVAILABILITY,origin.list,/home/runner/work/WindowsSpyBlocker-spy_git_crazy-max/WindowsSpyBlocker-spy_git_crazy-max/origin.list,2001-01-21 08:30:08.483705,462b09da92a7a015d55885c9
db5.settings-win.data.microsoft.com.akadns.net,AVAILABILITY,origin.list,/home/runner/work/WindowsSpyBlocker-spy_git_crazy-max/WindowsSpyBlocker-spy_git_crazy-max/origin.list,2001-01-21 08:30:08.512680,462b09da92a7a015d55885c9
db5-eap.settings-win.data.microsoft.com.akadns.net,AVAILABILITY,origin.list,/home/runner/work/WindowsSpyBlocker-spy_git_crazy-max/WindowsSpyBlocker-spy_git_crazy-max/origin.list,2001-01-21 08:30:08.521170,462b09da92a7a015d55885c9
geo.settings-win.data.microsoft.com.akadns.net,AVAILABILITY,origin.list,/home/runner/work/WindowsSpyBlocker-spy_git_crazy-max/WindowsSpyBlocker-spy_git_crazy-max/origin.list,2001-01-21 08:30:08.560914,462b09da92a7a015d55885c9
hk2sch130021929.wns.windows.com,AVAILABILITY,origin.list,/home/runner/work/WindowsSpyBlocker-spy_git_crazy-max/WindowsSpyBlocker-spy_git_crazy-max/origin.list,2001-01-21 08:30:08.919408,462b09da92a7a015d55885c9
hk2sch130021958.wns.windows.com,AVAILABILITY,origin.list,/home/runner/work/WindowsSpyBlocker-spy_git_crazy-max/WindowsSpyBlocker-spy_git_crazy-max/origin.list,2001-01-21 08:30:08.925131,462b09da92a7a015d55885c9
hk2sch130022035.wns.windows.com,AVAILABILITY,origin.list,/home/runner/work/WindowsSpyBlocker-spy_git_crazy-max/WindowsSpyBlocker-spy_git_crazy-max/origin.list,2001-01-21 08:30:08.930109,462b09da92a7a015d55885c9
hk2sch130022041.wns.windows.com,AVAILABILITY,origin.list,/home/runner/work/WindowsSpyBlocker-spy_git_crazy-max/WindowsSpyBlocker-spy_git_crazy-max/origin.list,2001-01-21 08:30:08.935234,462b09da92a7a015d55885c9
hk2sch130022049.wns.windows.com,AVAILABILITY,origin.list,/home/runner/work/WindowsSpyBlocker-spy_git_crazy-max/WindowsSpyBlocker-spy_git_crazy-max/origin.list,2001-01-21 08:30:08.940993,462b09da92a7a015d55885c9
hk2sch130022135.wns.windows.com,AVAILABILITY,origin.list,/home/runner/work/WindowsSpyBlocker-spy_git_crazy-max/WindowsSpyBlocker-spy_git_crazy-max/origin.list,2001-01-21 08:30:08.946086,462b09da92a7a015d55885c9
hk2wns1.wns.windows.com,AVAILABILITY,origin.list,/home/runner/work/WindowsSpyBlocker-spy_git_crazy-max/WindowsSpyBlocker-spy_git_crazy-max/origin.list,2001-01-21 08:30:08.951503,462b09da92a7a015d55885c9
hk2wns1b.wns.windows.com,AVAILABILITY,origin.list,/home/runner/work/WindowsSpyBlocker-spy_git_crazy-max/WindowsSpyBlocker-spy_git_crazy-max/origin.list,2001-01-21 08:30:08.956801,462b09da92a7a015d55885c9
i-am3p-cor001.api.p001.1drv.com,AVAILABILITY,origin.list,/home/runner/work/WindowsSpyBlocker-spy_git_crazy-max/WindowsSpyBlocker-spy_git_crazy-max/origin.list,2001-01-21 08:30:08.961849,462b09da92a7a015d55885c9
i-am3p-cor002.api.p001.1drv.com,AVAILABILITY,origin.list,/home/runner/work/WindowsSpyBlocker-spy_git_crazy-max/WindowsSpyBlocker-spy_git_crazy-max/origin.list,2001-01-21 08:30:08.966593,462b09da92a7a015d55885c9
i-am3p-cor003.api.p001.1drv.com,AVAILABILITY,origin.list,/home/runner/work/WindowsSpyBlocker-spy_git_crazy-max/WindowsSpyBlocker-spy_git_crazy-max/origin.list,2001-01-21 08:30:08.972229,462b09da92a7a015d55885c9
i-am3p-cor004.api.p001.1drv.com,AVAILABILITY,origin.list,/home/runner/work/WindowsSpyBlocker-spy_git_crazy-max/WindowsSpyBlocker-spy_git_crazy-max/origin.list,2001-01-21 08:30:08.977951,462b09da92a7a015d55885c9
i-am3p-cor005.api.p001.1drv.com,AVAILABILITY,origin.list,/home/runner/work/WindowsSpyBlocker-spy_git_crazy-max/WindowsSpyBlocker-spy_git_crazy-max/origin.list,2001-01-21 08:30:08.983525,462b09da92a7a015d55885c9
i-bl6p-cor001.api.p001.1drv.com,AVAILABILITY,origin.list,/home/runner/work/WindowsSpyBlocker-spy_git_crazy-max/WindowsSpyBlocker-spy_git_crazy-max/origin.list,2001-01-21 08:30:08.988864,462b09da92a7a015d55885c9
i-bl6p-cor002.api.p001.1drv.com,AVAILABILITY,origin.list,/home/runner/work/WindowsSpyBlocker-spy_git_crazy-max/WindowsSpyBlocker-spy_git_crazy-max/origin.list,2001-01-21 08:30:08.994195,462b09da92a7a015d55885c9
i-bn3p-cor001.api.p001.1drv.com,AVAILABILITY,origin.list,/home/runner/work/WindowsSpyBlocker-spy_git_crazy-max/WindowsSpyBlocker-spy_git_crazy-max/origin.list,2001-01-21 08:30:09.000037,462b09da92a7a015d55885c9
i-bn3p-cor090.api.p001.1drv.com,AVAILABILITY,origin.list,/home/runner/work/WindowsSpyBlocker-spy_git_crazy-max/WindowsSpyBlocker-spy_git_crazy-max/origin.list,2001-01-21 08:30:09.005537,462b09da92a7a015d55885c9
i-by3p-cor001.api.p001.1drv.com,AVAILABILITY,origin.list,/home/runner/work/WindowsSpyBlocker-spy_git_crazy-max/WindowsSpyBlocker-spy_git_crazy-max/origin.list,2001-01-21 08:30:09.011011,462b09da92a7a015d55885c9
i-by3p-cor002.api.p001.1drv.com,AVAILABILITY,origin.list,/home/runner/work/WindowsSpyBlocker-spy_git_crazy-max/WindowsSpyBlocker-spy_git_crazy-max/origin.list,2001-01-21 08:30:09.017418,462b09da92a7a015d55885c9
i-ch1-cor001.api.p001.1drv.com,AVAILABILITY,origin.list,/home/runner/work/WindowsSpyBlocker-spy_git_crazy-max/WindowsSpyBlocker-spy_git_crazy-max/origin.list,2001-01-21 08:30:09.023105,462b09da92a7a015d55885c9
i-ch1-cor002.api.p001.1drv.com,AVAILABILITY,origin.list,/home/runner/work/WindowsSpyBlocker-spy_git_crazy-max/WindowsSpyBlocker-spy_git_crazy-max/origin.list,2001-01-21 08:30:09.028634,462b09da92a7a015d55885c9
i-db3p-cor001.api.p001.1drv.com,AVAILABILITY,origin.list,/home/runner/work/WindowsSpyBlocker-spy_git_crazy-max/WindowsSpyBlocker-spy_git_crazy-max/origin.list,2001-01-21 08:30:09.035150,462b09da92a7a015d55885c9
i-db3p-cor002.api.p001.1drv.com,AVAILABILITY,origin.list,/home/runner/work/WindowsSpyBlocker-spy_git_crazy-max/WindowsSpyBlocker-spy_git_crazy-max/origin.list,2001-01-21 08:30:09.040525,462b09da92a7a015d55885c9
i-db3p-cor003.api.p001.1drv.com,AVAILABILITY,origin.list,/home/runner/work/WindowsSpyBlocker-spy_git_crazy-max/WindowsSpyBlocker-spy_git_crazy-max/origin.list,2001-01-21 08:30:09.045923,462b09da92a7a015d55885c9
i-db3p-cor004.api.p001.1drv.com,AVAILABILITY,origin.list,/home/runner/work/WindowsSpyBlocker-spy_git_crazy-max/WindowsSpyBlocker-spy_git_crazy-max/origin.list,2001-01-21 08:30:09.053140,462b09da92a7a015d55885c9
i-db3p-cor005.api.p001.1drv.com,AVAILABILITY,origin.list,/home/runner/work/WindowsSpyBlocker-spy_git_crazy-max/WindowsSpyBlocker-spy_git_crazy-max/origin.list,2001-01-21 08:30:09.058913,462b09da92a7a015d55885c9
i-sn2-cor001.api.p001.1drv.com,AVAILABILITY,origin.list,/home/runner/work/WindowsSpyBlocker-spy_git_crazy-max/WindowsSpyBlocker-spy_git_crazy-max/origin.list,2001-01-21 08:30:09.065182,462b09da92a7a015d55885c9
i-sn2-cor002.api.p001.1drv.com,AVAILABILITY,origin.list,/home/runner/work/WindowsSpyBlocker-spy_git_crazy-max/WindowsSpyBlocker-spy_git_crazy-max/origin.list,2001-01-21 08:30:09.071925,462b09da92a7a015d55885c9
i-sn3p-cor001.api.p001.1drv.com,AVAILABILITY,origin.list,/home/runner/work/WindowsSpyBlocker-spy_git_crazy-max/WindowsSpyBlocker-spy_git_crazy-max/origin.list,2001-01-21 08:30:09.078548,462b09da92a7a015d55885c9
i-sn3p-cor002.api.p001.1drv.com,AVAILABILITY,origin.list,/home/runner/work/WindowsSpyBlocker-spy_git_crazy-max/WindowsSpyBlocker-spy_git_crazy-max/origin.list,2001-01-21 08:30:09.084593,462b09da92a7a015d55885c9
ieonlinews.microsoft.com,AVAILABILITY,origin.list,/home/runner/work/WindowsSpyBlocker-spy_git_crazy-max/WindowsSpyBlocker-spy_git_crazy-max/origin.list,2001-01-21 08:30:09.090484,462b09da92a7a015d55885c9
ieonlinews.trafficmanager.net,AVAILABILITY,origin.list,/home/runner/work/WindowsSpyBlocker-spy_git_crazy-max/WindowsSpyBlocker-spy_git_crazy-max/origin.list,2001-01-21 08:30:09.096863,462b09da92a7a015d55885c9
insideruser.trafficmanager.net,AVAILABILITY,origin.list,/home/runner/work/WindowsSpyBlocker-spy_git_crazy-max/WindowsSpyBlocker-spy_git_crazy-max/origin.list,2001-01-21 08:30:09.102457,462b09da92a7a015d55885c9
lb1.www.ms.akadns.net,AVAILABILITY,origin.list,/home/runner/work/WindowsSpyBlocker-spy_git_crazy-max/WindowsSpyBlocker-spy_git_crazy-max/origin.list,2001-01-21 08:30:09.109319,462b09da92a7a015d55885c9
live.rads.msn.com,AVAILABILITY,origin.list,/home/runner/work/WindowsSpyBlocker-spy_git_crazy-max/WindowsSpyBlocker-spy_git_crazy-max/origin.list,2001-01-21 08:30:09.115741,462b09da92a7a015d55885c9
m.adnxs.com,AVAILABILITY,origin.list,/home/runner/work/WindowsSpyBlocker-spy_git_crazy-max/WindowsSpyBlocker-spy_git_crazy-max/origin.list,2001-01-21 08:30:09.122250,462b09da92a7a015d55885c9
mobile.pipe.aria.microsoft.com,AVAILABILITY,origin.list,/home/runner/work/WindowsSpyBlocker-spy_git_crazy-max/WindowsSpyBlocker-spy_git_crazy-max/origin.list,2001-01-21 08:30:09.128689,462b09da92a7a015d55885c9
modern.watson.data.microsoft.com.akadns.net,AVAILABILITY,origin.list,/home/runner/work/WindowsSpyBlocker-spy_git_crazy-max/WindowsSpyBlocker-spy_git_crazy-max/origin.list,2001-01-21 08:30:09.134376,462b09da92a7a015d55885c9
msedge.net,AVAILABILITY,origin.list,/home/runner/work/WindowsSpyBlocker-spy_git_crazy-max/WindowsSpyBlocker-spy_git_crazy-max/origin.list,2001-01-21 08:30:09.140776,462b09da92a7a015d55885c9
msntest.serving-sys.com,AVAILABILITY,origin.list,/home/runner/work/WindowsSpyBlocker-spy_git_crazy-max/WindowsSpyBlocker-spy_git_crazy-max/origin.list,2001-01-21 08:30:09.146712,462b09da92a7a015d55885c9
nexus.officeapps.live.com,AVAILABILITY,origin.list,/home/runner/work/WindowsSpyBlocker-spy_git_crazy-max/WindowsSpyBlocker-spy_git_crazy-max/origin.list,2001-01-21 08:30:09.152378,462b09da92a7a015d55885c9
nexusrules.officeapps.live.com,AVAILABILITY,origin.list,/home/runner/work/WindowsSpyBlocker-spy_git_crazy-max/WindowsSpyBlocker-spy_git_crazy-max/origin.list,2001-01-21 08:30:09.158172,462b09da92a7a015d55885c9
nw-umwatson.events.data.microsoft.com,AVAILABILITY,origin.list,/home/runner/work/WindowsSpyBlocker-spy_git_crazy-max/WindowsSpyBlocker-spy_git_crazy-max/origin.list,2001-01-21 08:30:09.164979,462b09da92a7a015d55885c9
oca.telemetry.microsoft.com,AVAILABILITY,origin.list,/home/runner/work/WindowsSpyBlocker-spy_git_crazy-max/WindowsSpyBlocker-spy_git_crazy-max/origin.list,2001-01-21 08:30:09.171054,462b09da92a7a015d55885c9
onecollector.cloudapp.aria.akadns.net,AVAILABILITY,origin.list,/home/runner/work/WindowsSpyBlocker-spy_git_crazy-max/WindowsSpyBlocker-spy_git_crazy-max/origin.list,2001-01-21 08:30:09.178005,462b09da92a7a015d55885c9
par02p.wns.windows.com,AVAILABILITY,origin.list,/home/runner/work/WindowsSpyBlocker-spy_git_crazy-max/WindowsSpyBlocker-spy_git_crazy-max/origin.list,2001-01-21 08:30:09.184984,462b09da92a7a015d55885c9
pre.footprintpredict.com,AVAILABILITY,origin.list,/home/runner/work/WindowsSpyBlocker-spy_git_crazy-max/WindowsSpyBlocker-spy_git_crazy-max/origin.list,2001-01-21 08:30:09.191481,462b09da92a7a015d55885c9
preview.msn.com,AVAILABILITY,origin.list,/home/runner/work/WindowsSpyBlocker-spy_git_crazy-max/WindowsSpyBlocker-spy_git_crazy-max/origin.list,2001-01-21 08:30:09.197731,462b09da92a7a015d55885c9
rad.live.com,AVAILABILITY,origin.list,/home/runner/work/WindowsSpyBlocker-spy_git_crazy-max/WindowsSpyBlocker-spy_git_crazy-max/origin.list,2001-01-21 08:30:09.203954,462b09da92a7a015d55885c9
rad.msn.com,AVAILABILITY,origin.list,/home/runner/work/WindowsSpyBlocker-spy_git_crazy-max/WindowsSpyBlocker-spy_git_crazy-max/origin.list,2001-01-21 08:30:09.209741,462b09da92a7a015d55885c9
redir.metaservices.microsoft.com,AVAILABILITY,origin.list,/home/runner/work/WindowsSpyBlocker-spy_git_crazy-max/WindowsSpyBlocker-spy_git_crazy-max/origin.list,2001-01-21 08:30:09.216078,462b09da92a7a015d55885c9
reports.wes.df.telemetry.microsoft.com,AVAILABILITY,origin.list,/home/runner/work/WindowsSpyBlocker-spy_git_crazy-max/WindowsSpyBlocker-spy_git_crazy-max/origin.list,2001-01-21 08:30:09.222700,462b09da92a7a015d55885c9
schemas.microsoft.akadns.net,AVAILABILITY,origin.list,/home/runner/work/WindowsSpyBlocker-spy_git_crazy-max/WindowsSpyBlocker-spy_git_crazy-max/origin.list,2001-01-21 08:30:09.228961,462b09da92a7a015d55885c9
secure.adnxs.com,AVAILABILITY,origin.list,/home/runner/work/WindowsSpyBlocker-spy_git_crazy-max/WindowsSpyBlocker-spy_git_crazy-max/origin.list,2001-01-21 08:30:09.235205,462b09da92a7a015d55885c9
secure.flashtalking.com,AVAILABILITY,origin.list,/home/runner/work/WindowsSpyBlocker-spy_git_crazy-max/WindowsSpyBlocker-spy_git_crazy-max/origin.list,2001-01-21 08:30:09.241542,462b09da92a7a015d55885c9
services.wes.df.telemetry.microsoft.com,AVAILABILITY,origin.list,/home/runner/work/WindowsSpyBlocker-spy_git_crazy-max/WindowsSpyBlocker-spy_git_crazy-max/origin.list,2001-01-21 08:30:09.248425,462b09da92a7a015d55885c9
settings-sandbox.data.microsoft.com,AVAILABILITY,origin.list,/home/runner/work/WindowsSpyBlocker-spy_git_crazy-max/WindowsSpyBlocker-spy_git_crazy-max/origin.list,2001-01-21 08:30:09.256165,462b09da92a7a015d55885c9
settings-win-ppe.data.microsoft.com,AVAILABILITY,origin.list,/home/runner/work/WindowsSpyBlocker-spy_git_crazy-max/WindowsSpyBlocker-spy_git_crazy-max/origin.list,2001-01-21 08:30:09.263100,462b09da92a7a015d55885c9
settings.data.glbdns2.microsoft.com,AVAILABILITY,origin.list,/home/runner/work/WindowsSpyBlocker-spy_git_crazy-max/WindowsSpyBlocker-spy_git_crazy-max/origin.list,2001-01-21 08:30:09.270323,462b09da92a7a015d55885c9
settingsfd-geo.trafficmanager.net,AVAILABILITY,origin.list,/home/runner/work/WindowsSpyBlocker-spy_git_crazy-max/WindowsSpyBlocker-spy_git_crazy-max/origin.list,2001-01-21 08:30:09.276691,462b09da92a7a015d55885c9
sg2p.wns.windows.com,AVAILABILITY,origin.list,/home/runner/work/WindowsSpyBlocker-spy_git_crazy-max/WindowsSpyBlocker-spy_git_crazy-max/origin.list,2001-01-21 08:30:09.283357,462b09da92a7a015d55885c9
sn3301-c.1drv.com,AVAILABILITY,origin.list,/home/runner/work/WindowsSpyBlocker-spy_git_crazy-max/WindowsSpyBlocker-spy_git_crazy-max/origin.list,2001-01-21 08:30:09.289323,462b09da92a7a015d55885c9
sn3301-e.1drv.com,AVAILABILITY,origin.list,/home/runner/work/WindowsSpyBlocker-spy_git_crazy-max/WindowsSpyBlocker-spy_git_crazy-max/origin.list,2001-01-21 08:30:09.295666,462b09da92a7a015d55885c9
sn3301-g.1drv.com,AVAILABILITY,origin.list,/home/runner/work/WindowsSpyBlocker-spy_git_crazy-max/WindowsSpyBlocker-spy_git_crazy-max/origin.list,2001-01-21 08:30:09.303065,462b09da92a7a015d55885c9
spynet2.microsoft.com,AVAILABILITY,origin.list,/home/runner/work/WindowsSpyBlocker-spy_git_crazy-max/WindowsSpyBlocker-spy_git_crazy-max/origin.list,2001-01-21 08:30:09.310768,462b09da92a7a015d55885c9
spynetalt.microsoft.com,AVAILABILITY,origin.list,/home/runner/work/WindowsSpyBlocker-spy_git_crazy-max/WindowsSpyBlocker-spy_git_crazy-max/origin.list,2001-01-21 08:30:09.317826,462b09da92a7a015d55885c9
spyneteurope.microsoft.akadns.net,AVAILABILITY,origin.list,/home/runner/work/WindowsSpyBlocker-spy_git_crazy-max/WindowsSpyBlocker-spy_git_crazy-max/origin.list,2001-01-21 08:30:09.324228,462b09da92a7a015d55885c9
sqm.df.telemetry.microsoft.com,AVAILABILITY,origin.list,/home/runner/work/WindowsSpyBlocker-spy_git_crazy-max/WindowsSpyBlocker-spy_git_crazy-max/origin.list,2001-01-21 08:30:09.330556,462b09da92a7a015d55885c9
sqm.telemetry.microsoft.com,AVAILABILITY,origin.list,/home/runner/work/WindowsSpyBlocker-spy_git_crazy-max/WindowsSpyBlocker-spy_git_crazy-max/origin.list,2001-01-21 08:30:09.336635,462b09da92a7a015d55885c9
sqm.telemetry.microsoft.com.nsatc.net,AVAILABILITY,origin.list,/home/runner/work/WindowsSpyBlocker-spy_git_crazy-max/WindowsSpyBlocker-spy_git_crazy-max/origin.list,2001-01-21 08:30:09.343065,462b09da92a7a015d55885c9
ssw.live.com,AVAILABILITY,origin.list,/home/runner/work/WindowsSpyBlocker-spy_git_crazy-max/WindowsSpyBlocker-spy_git_crazy-max/origin.list,2001-01-21 08:30:09.349635,462b09da92a7a015d55885c9
survey.watson.microsoft.com,AVAILABILITY,origin.list,/home/runner/work/WindowsSpyBlocker-spy_git_crazy-max/WindowsSpyBlocker-spy_git_crazy-max/origin.list,2001-01-21 08:30:09.355839,462b09da92a7a015d55885c9
tele.trafficmanager.net,AVAILABILITY,origin.list,/home/runner/work/WindowsSpyBlocker-spy_git_crazy-max/WindowsSpyBlocker-spy_git_crazy-max/origin.list,2001-01-21 08:30:09.362249,462b09da92a7a015d55885c9
telecommand.telemetry.microsoft.com,AVAILABILITY,origin.list,/home/runner/work/WindowsSpyBlocker-spy_git_crazy-max/WindowsSpyBlocker-spy_git_crazy-max/origin.list,2001-01-21 08:30:09.368578,462b09da92a7a015d55885c9
telemetry.appex.bing.net,AVAILABILITY,origin.list,/home/runner/work/WindowsSpyBlocker-spy_git_crazy-max/WindowsSpyBlocker-spy_git_crazy-max/origin.list,2001-01-21 08:30:09.374913,462b09da92a7a015d55885c9
telemetry.microsoft.com,AVAILABILITY,origin.list,/home/runner/work/WindowsSpyBlocker-spy_git_crazy-max/WindowsSpyBlocker-spy_git_crazy-max/origin.list,2001-01-21 08:30:09.382234,462b09da92a7a015d55885c9
telemetry.remoteapp.windowsazure.com,AVAILABILITY,origin.list,/home/runner/work/WindowsSpyBlocker-spy_git_crazy-max/WindowsSpyBlocker-spy_git_crazy-max/origin.list,2001-01-21 08:30:09.388975,462b09da92a7a015d55885c9
telemetry.urs.microsoft.com,AVAILABILITY,origin.list,/home/runner/work/WindowsSpyBlocker-spy_git_crazy-max/WindowsSpyBlocker-spy_git_crazy-max/origin.list,2001-01-21 08:30:09.400682,462b09da92a7a015d55885c9
teredo.ipv6.microsoft.com,AVAILABILITY,origin.list,/home/runner/work/WindowsSpyBlocker-spy_git_crazy-max/WindowsSpyBlocker-spy_git_crazy-max/origin.list,2001-01-21 08:30:09.408786,462b09da92a7a015d55885c9
test.activity.windows.com,AVAILABILITY,origin.list,/home/runner/work/WindowsSpyBlocker-spy_git_crazy-max/WindowsSpyBlocker-spy_git_crazy-max/origin.list,2001-01-21 08:30:09.415433,462b09da92a7a015d55885c9
umwatsonc.events.data.microsoft.com,AVAILABILITY,origin.list,/home/runner/work/WindowsSpyBlocker-spy_git_crazy-max/WindowsSpyBlocker-spy_git_crazy-max/origin.list,2001-01-21 08:30:09.422985,462b09da92a7a015d55885c9
v10.vortex-win.data.microsoft.com,AVAILABILITY,origin.list,/home/runner/work/WindowsSpyBlocker-spy_git_crazy-max/WindowsSpyBlocker-spy_git_crazy-max/origin.list,2001-01-21 08:30:09.429692,462b09da92a7a015d55885c9
v10-win.vortex.data.microsoft.com.akadns.net,AVAILABILITY,origin.list,/home/runner/work/WindowsSpyBlocker-spy_git_crazy-max/WindowsSpyBlocker-spy_git_crazy-max/origin.list,2001-01-21 08:30:09.437145,462b09da92a7a015d55885c9
v20.vortex-win.data.microsoft.com,AVAILABILITY,origin.list,/home/runner/work/WindowsSpyBlocker-spy_git_crazy-max/WindowsSpyBlocker-spy_git_crazy-max/origin.list,2001-01-21 08:30:09.447702,462b09da92a7a015d55885c9
view.atdmt.com,AVAILABILITY,origin.list,/home/runner/work/WindowsSpyBlocker-spy_git_crazy-max/WindowsSpyBlocker-spy_git_crazy-max/origin.list,2001-01-21 08:30:09.455470,462b09da92a7a015d55885c9
vortex-sandbox.data.microsoft.com,AVAILABILITY,origin.list,/home/runner/work/WindowsSpyBlocker-spy_git_crazy-max/WindowsSpyBlocker-spy_git_crazy-max/origin.list,2001-01-21 08:30:09.463372,462b09da92a7a015d55885c9
vortex.data.glbdns2.microsoft.com,AVAILABILITY,origin.list,/home/runner/work/WindowsSpyBlocker-spy_git_crazy-max/WindowsSpyBlocker-spy_git_crazy-max/origin.list,2001-01-21 08:30:09.470601,462b09da92a7a015d55885c9
vortex.data.microsoft.com,AVAILABILITY,origin.list,/home/runner/work/WindowsSpyBlocker-spy_git_crazy-max/WindowsSpyBlocker-spy_git_crazy-max/origin.list,2001-01-21 08:30:09.478661,462b09da92a7a015d55885c9
watson.live.com,AVAILABILITY,origin.list,/home/runner/work/WindowsSpyBlocker-spy_git_crazy-max/WindowsSpyBlocker-spy_git_crazy-max/origin.list,2001-01-21 08:30:09.486002,462b09da92a7a015d55885c9
watson.microsoft.com,AVAILABILITY,origin.list,/home/runner/work/WindowsSpyBlocker-spy_git_crazy-max/WindowsSpyBlocker-spy_git_crazy-max/origin.list,2001-01-21 08:30:09.492917,462b09da92a7a015d55885c9
watson.ppe.telemetry.microsoft.com,AVAILABILITY,origin.list,/home/runner/work/WindowsSpyBlocker-spy_git_crazy-max/WindowsSpyBlocker-spy_git_crazy-max/origin.list,2001-01-21 08:30:09.500105,462b09da92a7a015d55885c9
watson.telemetry.microsoft.com,AVAILABILITY,origin.list,/home/runner/work/WindowsSpyBlocker-spy_git_crazy-max/WindowsSpyBlocker-spy_git_crazy-max/origin.list,2001-01-21 08:30:09.507216,462b09da92a7a015d55885c9
web.vortex.data.microsoft.com,AVAILABILITY,origin.list,/home/runner/work/WindowsSpyBlocker-spy_git_crazy-max/WindowsSpyBlocker-spy_git_crazy-max/origin.list,2001-01-21 08:30:09.513931,462b09da92a7a015d55885c9
wes.df.telemetry.microsoft.com,AVAILABILITY,origin.list,/home/runner/work/WindowsSpyBlocker-spy_git_crazy-max/WindowsSpyBlocker-spy_git_crazy-max/origin.list,2001-01-21 08:30:09.521256,462b09da92a7a015d55885c9
weus2watcab01.blob.core.windows.net,AVAILABILITY,origin.list,/home/runner/work/WindowsSpyBlocker-spy_git_crazy-max/WindowsSpyBlocker-spy_git_crazy-max/origin.list,2001-01-21 08:30:09.527815,462b09da92a7a015d55885c9
weus2watcab02.blob.core.windows.net,AVAILABILITY,origin.list,/home/runner/work/WindowsSpyBlocker-spy_git_crazy-max/WindowsSpyBlocker-spy_git_crazy-max/origin.list,2001-01-21 08:30:09.535067,462b09da92a7a015d55885c9
win10.ipv6.microsoft.com,AVAILABILITY,origin.list,/home/runner/work/WindowsSpyBlocker-spy_git_crazy-max/WindowsSpyBlocker-spy_git_crazy-max/origin.list,2001-01-21 08:30:09.541764,462b09da92a7a015d55885c9
win1710.ipv6.microsoft.com,AVAILABILITY,origin.list,/home/runner/work/WindowsSpyBlocker-spy_git_crazy-max/WindowsSpyBlocker-spy_git_crazy-max/origin.list,2001-01-21 08:30:09.549055,462b09da92a7a015d55885c9
win8.ipv6.microsoft.com,AVAILABILITY,origin.list,/home/runner/work/WindowsSpyBlocker-spy_git_crazy-max/WindowsSpyBlocker-spy_git_crazy-max/origin.list,2001-01-21 08:30:09.555851,462b09da92a7a015d55885c9
www.msedge.net,AVAILABILITY,origin.list,/home/runner/work/WindowsSpyBlocker-spy_git_crazy-max/WindowsSpyBlocker-spy_git_crazy-max/origin.list,2001-01-21 08:30:09.562849,462b09da92a7a015d55885c9
ztd.dds.microsoft.com,AVAILABILITY,origin.list,/home/runner/work/WindowsSpyBlocker-spy_git_crazy-max/WindowsSpyBlocker-spy_git_crazy-max/origin.list,2001-01-21 08:30:09.569120,462b09da92a7a015d55885c9
a.ads1.msn.com,AVAILABILITY,origin.list,/home/runner/work/WindowsSpyBlocker-spy_git_crazy-max/WindowsSpyBlocker-spy_git_crazy-max/origin.list,2021-01-21 08:30:13.539005,462b09da92a7a015d55885c9
a.ads2.msads.net,AVAILABILITY,origin.list,/home/runner/work/WindowsSpyBlocker-spy_git_crazy-max/WindowsSpyBlocker-spy_git_crazy-max/origin.list,2021-01-21 08:30:17.395563,462b09da92a7a015d55885c9
a.ads2.msn.com,AVAILABILITY,origin.list,/home/runner/work/WindowsSpyBlocker-spy_git_crazy-max/WindowsSpyBlocker-spy_git_crazy-max/origin.list,2021-01-21 08:30:21.330973,462b09da92a7a015d55885c9
a.rad.msn.com,AVAILABILITY,origin.list,/home/runner/work/WindowsSpyBlocker-spy_git_crazy-max/WindowsSpyBlocker-spy_git_crazy-max/origin.list,2021-01-21 08:30:25.105306,462b09da92a7a015d55885c9
ac3.msn.com,AVAILABILITY,origin.list,/home/runner/work/WindowsSpyBlocker-spy_git_crazy-max/WindowsSpyBlocker-spy_git_crazy-max/origin.list,2021-01-21 08:30:29.075611,462b09da92a7a015d55885c9
activity.windows.com,AVAILABILITY,origin.list,/home/runner/work/WindowsSpyBlocker-spy_git_crazy-max/WindowsSpyBlocker-spy_git_crazy-max/origin.list,2021-01-21 08:30:32.861537,462b09da92a7a015d55885c9
adnexus.net,AVAILABILITY,origin.list,/home/runner/work/WindowsSpyBlocker-spy_git_crazy-max/WindowsSpyBlocker-spy_git_crazy-max/origin.list,2021-01-21 08:30:36.121822,462b09da92a7a015d55885c9
adnxs.com,AVAILABILITY,origin.list,/home/runner/work/WindowsSpyBlocker-spy_git_crazy-max/WindowsSpyBlocker-spy_git_crazy-max/origin.list,2021-01-21 08:30:39.382174,462b09da92a7a015d55885c9
ads.msn.com,AVAILABILITY,origin.list,/home/runner/work/WindowsSpyBlocker-spy_git_crazy-max/WindowsSpyBlocker-spy_git_crazy-max/origin.list,2021-01-21 08:30:43.092671,462b09da92a7a015d55885c9
ads1.msads.net,AVAILABILITY,origin.list,/home/runner/work/WindowsSpyBlocker-spy_git_crazy-max/WindowsSpyBlocker-spy_git_crazy-max/origin.list,2021-01-21 08:30:46.802536,462b09da92a7a015d55885c9
ads1.msn.com,AVAILABILITY,origin.list,/home/runner/work/WindowsSpyBlocker-spy_git_crazy-max/WindowsSpyBlocker-spy_git_crazy-max/origin.list,2021-01-21 08:30:50.554841,462b09da92a7a015d55885c9
aidps.atdmt.com,AVAILABILITY,origin.list,/home/runner/work/WindowsSpyBlocker-spy_git_crazy-max/WindowsSpyBlocker-spy_git_crazy-max/origin.list,2021-01-21 08:30:54.434608,462b09da92a7a015d55885c9
aka-cdn-ns.adtech.de,AVAILABILITY,origin.list,/home/runner/work/WindowsSpyBlocker-spy_git_crazy-max/WindowsSpyBlocker-spy_git_crazy-max/origin.list,2021-01-21 08:30:58.302516,462b09da92a7a015d55885c9
apac1.notify.windows.com.akadns.net,AVAILABILITY,origin.list,/home/runner/work/WindowsSpyBlocker-spy_git_crazy-max/WindowsSpyBlocker-spy_git_crazy-max/origin.list,2021-01-21 08:31:05.693798,462b09da92a7a015d55885c9
api.cortana.ai,AVAILABILITY,origin.list,/home/runner/work/WindowsSpyBlocker-spy_git_crazy-max/WindowsSpyBlocker-spy_git_crazy-max/origin.list,2021-01-21 08:31:09.418025,462b09da92a7a015d55885c9
asimov-win.settings.data.microsoft.com.akadns.net,AVAILABILITY,origin.list,/home/runner/work/WindowsSpyBlocker-spy_git_crazy-max/WindowsSpyBlocker-spy_git_crazy-max/origin.list,2021-01-21 08:31:13.409393,462b09da92a7a015d55885c9
b.ads1.msn.com,AVAILABILITY,origin.list,/home/runner/work/WindowsSpyBlocker-spy_git_crazy-max/WindowsSpyBlocker-spy_git_crazy-max/origin.list,2021-01-21 08:31:17.343960,462b09da92a7a015d55885c9
b.ads2.msads.net,AVAILABILITY,origin.list,/home/runner/work/WindowsSpyBlocker-spy_git_crazy-max/WindowsSpyBlocker-spy_git_crazy-max/origin.list,2021-01-21 08:31:21.381188,462b09da92a7a015d55885c9
b.rad.msn.com,AVAILABILITY,origin.list,/home/runner/work/WindowsSpyBlocker-spy_git_crazy-max/WindowsSpyBlocker-spy_git_crazy-max/origin.list,2021-01-21 08:31:25.225333,462b09da92a7a015d55885c9
bingads.microsoft.com,AVAILABILITY,origin.list,/home/runner/work/WindowsSpyBlocker-spy_git_crazy-max/WindowsSpyBlocker-spy_git_crazy-max/origin.list,2021-01-21 08:31:29.263784,462b09da92a7a015d55885c9
bn2-ris-ap-prod-atm.trafficmanager.net,AVAILABILITY,origin.list,/home/runner/work/WindowsSpyBlocker-spy_git_crazy-max/WindowsSpyBlocker-spy_git_crazy-max/origin.list,2021-01-21 08:31:43.727378,462b09da92a7a015d55885c9
bn2b-cor001.api.p001.1drv.com,AVAILABILITY,origin.list,/home/runner/work/WindowsSpyBlocker-spy_git_crazy-max/WindowsSpyBlocker-spy_git_crazy-max/origin.list,2021-01-21 08:31:51.932657,462b09da92a7a015d55885c9
bn2b-cor002.api.p001.1drv.com,AVAILABILITY,origin.list,/home/runner/work/WindowsSpyBlocker-spy_git_crazy-max/WindowsSpyBlocker-spy_git_crazy-max/origin.list,2021-01-21 08:31:56.930177,462b09da92a7a015d55885c9
bn2b-cor003.api.p001.1drv.com,AVAILABILITY,origin.list,/home/runner/work/WindowsSpyBlocker-spy_git_crazy-max/WindowsSpyBlocker-spy_git_crazy-max/origin.list,2021-01-21 08:32:01.921871,462b09da92a7a015d55885c9
bn2b-cor004.api.p001.1drv.com,AVAILABILITY,origin.list,/home/runner/work/WindowsSpyBlocker-spy_git_crazy-max/WindowsSpyBlocker-spy_git_crazy-max/origin.list,2021-01-21 08:32:06.944802,462b09da92a7a015d55885c9
bn2wns1.wns.windows.com,AVAILABILITY,origin.list,/home/runner/work/WindowsSpyBlocker-spy_git_crazy-max/WindowsSpyBlocker-spy_git_crazy-max/origin.list,2021-01-21 08:32:11.906343,462b09da92a7a015d55885c9
bn3p-cor001.api.p001.1drv.com,AVAILABILITY,origin.list,/home/runner/work/WindowsSpyBlocker-spy_git_crazy-max/WindowsSpyBlocker-spy_git_crazy-max/origin.list,2021-01-21 08:32:16.790068,462b09da92a7a015d55885c9
bn3sch020010558.wns.windows.com,AVAILABILITY,origin.list,/home/runner/work/WindowsSpyBlocker-spy_git_crazy-max/WindowsSpyBlocker-spy_git_crazy-max/origin.list,2021-01-21 08:32:21.816416,462b09da92a7a015d55885c9
bn3sch020010560.wns.windows.com,AVAILABILITY,origin.list,/home/runner/work/WindowsSpyBlocker-spy_git_crazy-max/WindowsSpyBlocker-spy_git_crazy-max/origin.list,2021-01-21 08:32:26.820600,462b09da92a7a015d55885c9
bn3sch020010618.wns.windows.com,AVAILABILITY,origin.list,/home/runner/work/WindowsSpyBlocker-spy_git_crazy-max/WindowsSpyBlocker-spy_git_crazy-max/origin.list,2021-01-21 08:32:31.828359,462b09da92a7a015d55885c9
bn3sch020010629.wns.windows.com,AVAILABILITY,origin.list,/home/runner/work/WindowsSpyBlocker-spy_git_crazy-max/WindowsSpyBlocker-spy_git_crazy-max/origin.list,2021-01-21 08:32:36.838572,462b09da92a7a015d55885c9
bn3sch020010631.wns.windows.com,AVAILABILITY,origin.list,/home/runner/work/WindowsSpyBlocker-spy_git_crazy-max/WindowsSpyBlocker-spy_git_crazy-max/origin.list,2021-01-21 08:32:41.739175,462b09da92a7a015d55885c9
bn3sch020010635.wns.windows.com,AVAILABILITY,origin.list,/home/runner/work/WindowsSpyBlocker-spy_git_crazy-max/WindowsSpyBlocker-spy_git_crazy-max/origin.list,2021-01-21 08:32:46.676807,462b09da92a7a015d55885c9
bn3sch020010636.wns.windows.com,AVAILABILITY,origin.list,/home/runner/work/WindowsSpyBlocker-spy_git_crazy-max/WindowsSpyBlocker-spy_git_crazy-max/origin.list,2021-01-21 08:32:51.545556,462b09da92a7a015d55885c9
bn3sch020010650.wns.windows.com,AVAILABILITY,origin.list,/home/runner/work/WindowsSpyBlocker-spy_git_crazy-max/WindowsSpyBlocker-spy_git_crazy-max/origin.list,2021-01-21 08:32:56.422785,462b09da92a7a015d55885c9
bn3sch020011727.wns.windows.com,AVAILABILITY,origin.list,/home/runner/work/WindowsSpyBlocker-spy_git_crazy-max/WindowsSpyBlocker-spy_git_crazy-max/origin.list,2021-01-21 08:33:01.442082,462b09da92a7a015d55885c9
bn3sch020012850.wns.windows.com,AVAILABILITY,origin.list,/home/runner/work/WindowsSpyBlocker-spy_git_crazy-max/WindowsSpyBlocker-spy_git_crazy-max/origin.list,2021-01-21 08:33:06.797484,462b09da92a7a015d55885c9
bn3sch020020322.wns.windows.com,AVAILABILITY,origin.list,/home/runner/work/WindowsSpyBlocker-spy_git_crazy-max/WindowsSpyBlocker-spy_git_crazy-max/origin.list,2021-01-21 08:33:11.638760,462b09da92a7a015d55885c9
bn3sch020020749.wns.windows.com,AVAILABILITY,origin.list,/home/runner/work/WindowsSpyBlocker-spy_git_crazy-max/WindowsSpyBlocker-spy_git_crazy-max/origin.list,2021-01-21 08:33:16.434798,462b09da92a7a015d55885c9
bn3sch020022328.wns.windows.com,AVAILABILITY,origin.list,/home/runner/work/WindowsSpyBlocker-spy_git_crazy-max/WindowsSpyBlocker-spy_git_crazy-max/origin.list,2021-01-21 08:33:21.307010,462b09da92a7a015d55885c9
bn3sch020022335.wns.windows.com,AVAILABILITY,origin.list,/home/runner/work/WindowsSpyBlocker-spy_git_crazy-max/WindowsSpyBlocker-spy_git_crazy-max/origin.list,2021-01-21 08:33:26.134502,462b09da92a7a015d55885c9
bn3sch020022361.wns.windows.com,AVAILABILITY,origin.list,/home/runner/work/WindowsSpyBlocker-spy_git_crazy-max/WindowsSpyBlocker-spy_git_crazy-max/origin.list,2021-01-21 08:33:31.024806,462b09da92a7a015d55885c9
bn4sch101120814.wns.windows.com,AVAILABILITY,origin.list,/home/runner/work/WindowsSpyBlocker-spy_git_crazy-max/WindowsSpyBlocker-spy_git_crazy-max/origin.list,2021-01-21 08:33:35.928179,462b09da92a7a015d55885c9
bn4sch101120818.wns.windows.com,AVAILABILITY,origin.list,/home/runner/work/WindowsSpyBlocker-spy_git_crazy-max/WindowsSpyBlocker-spy_git_crazy-max/origin.list,2021-01-21 08:33:40.817471,462b09da92a7a015d55885c9
bn4sch101120911.wns.windows.com,AVAILABILITY,origin.list,/home/runner/work/WindowsSpyBlocker-spy_git_crazy-max/WindowsSpyBlocker-spy_git_crazy-max/origin.list,2021-01-21 08:33:45.667733,462b09da92a7a015d55885c9
bn4sch101120913.wns.windows.com,AVAILABILITY,origin.list,/home/runner/work/WindowsSpyBlocker-spy_git_crazy-max/WindowsSpyBlocker-spy_git_crazy-max/origin.list,2021-01-21 08:33:50.424453,462b09da92a7a015d55885c9
bn4sch101121019.wns.windows.com,AVAILABILITY,origin.list,/home/runner/work/WindowsSpyBlocker-spy_git_crazy-max/WindowsSpyBlocker-spy_git_crazy-max/origin.list,2021-01-21 08:33:55.294164,462b09da92a7a015d55885c9
bn4sch101121109.wns.windows.com,AVAILABILITY,origin.list,/home/runner/work/WindowsSpyBlocker-spy_git_crazy-max/WindowsSpyBlocker-spy_git_crazy-max/origin.list,2021-01-21 08:34:00.145774,462b09da92a7a015d55885c9
bn4sch101121118.wns.windows.com,AVAILABILITY,origin.list,/home/runner/work/WindowsSpyBlocker-spy_git_crazy-max/WindowsSpyBlocker-spy_git_crazy-max/origin.list,2021-01-21 08:34:05.041371,462b09da92a7a015d55885c9
bn4sch101121223.wns.windows.com,AVAILABILITY,origin.list,/home/runner/work/WindowsSpyBlocker-spy_git_crazy-max/WindowsSpyBlocker-spy_git_crazy-max/origin.list,2021-01-21 08:34:10.061199,462b09da92a7a015d55885c9
bn4sch101121407.wns.windows.com,AVAILABILITY,origin.list,/home/runner/work/WindowsSpyBlocker-spy_git_crazy-max/WindowsSpyBlocker-spy_git_crazy-max/origin.list,2021-01-21 08:34:14.952501,462b09da92a7a015d55885c9
bn4sch101121618.wns.windows.com,AVAILABILITY,origin.list,/home/runner/work/WindowsSpyBlocker-spy_git_crazy-max/WindowsSpyBlocker-spy_git_crazy-max/origin.list,2021-01-21 08:34:19.859189,462b09da92a7a015d55885c9
bn4sch101121704.wns.windows.com,AVAILABILITY,origin.list,/home/runner/work/WindowsSpyBlocker-spy_git_crazy-max/WindowsSpyBlocker-spy_git_crazy-max/origin.list,2021-01-21 08:34:24.727043,462b09da92a7a015d55885c9
bn4sch101121709.wns.windows.com,AVAILABILITY,origin.list,/home/runner/work/WindowsSpyBlocker-spy_git_crazy-max/WindowsSpyBlocker-spy_git_crazy-max/origin.list,2021-01-21 08:34:29.543691,462b09da92a7a015d55885c9
bn4sch101121714.wns.windows.com,AVAILABILITY,origin.list,/home/runner/work/WindowsSpyBlocker-spy_git_crazy-max/WindowsSpyBlocker-spy_git_crazy-max/origin.list,2021-01-21 08:34:34.359073,462b09da92a7a015d55885c9
bn4sch101121908.wns.windows.com,AVAILABILITY,origin.list,/home/runner/work/WindowsSpyBlocker-spy_git_crazy-max/WindowsSpyBlocker-spy_git_crazy-max/origin.list,2021-01-21 08:34:39.240639,462b09da92a7a015d55885c9
bn4sch101122117.wns.windows.com,AVAILABILITY,origin.list,/home/runner/work/WindowsSpyBlocker-spy_git_crazy-max/WindowsSpyBlocker-spy_git_crazy-max/origin.list,2021-01-21 08:34:44.096227,462b09da92a7a015d55885c9
bn4sch101122310.wns.windows.com,AVAILABILITY,origin.list,/home/runner/work/WindowsSpyBlocker-spy_git_crazy-max/WindowsSpyBlocker-spy_git_crazy-max/origin.list,2021-01-21 08:34:48.948401,462b09da92a7a015d55885c9
bn4sch101122312.wns.windows.com,AVAILABILITY,origin.list,/home/runner/work/WindowsSpyBlocker-spy_git_crazy-max/WindowsSpyBlocker-spy_git_crazy-max/origin.list,2021-01-21 08:34:53.895182,462b09da92a7a015d55885c9
bn4sch101122421.wns.windows.com,AVAILABILITY,origin.list,/home/runner/work/WindowsSpyBlocker-spy_git_crazy-max/WindowsSpyBlocker-spy_git_crazy-max/origin.list,2021-01-21 08:34:58.803645,462b09da92a7a015d55885c9
bn4sch101123108.wns.windows.com,AVAILABILITY,origin.list,/home/runner/work/WindowsSpyBlocker-spy_git_crazy-max/WindowsSpyBlocker-spy_git_crazy-max/origin.list,2021-01-21 08:35:03.593780,462b09da92a7a015d55885c9
bn4sch101123110.wns.windows.com,AVAILABILITY,origin.list,/home/runner/work/WindowsSpyBlocker-spy_git_crazy-max/WindowsSpyBlocker-spy_git_crazy-max/origin.list,2021-01-21 08:35:08.403881,462b09da92a7a015d55885c9
bn4sch101123202.wns.windows.com,AVAILABILITY,origin.list,/home/runner/work/WindowsSpyBlocker-spy_git_crazy-max/WindowsSpyBlocker-spy_git_crazy-max/origin.list,2021-01-21 08:35:13.245327,462b09da92a7a015d55885c9
bn4sch102110124.wns.windows.com,AVAILABILITY,origin.list,/home/runner/work/WindowsSpyBlocker-spy_git_crazy-max/WindowsSpyBlocker-spy_git_crazy-max/origin.list,2021-01-21 08:35:18.086657,462b09da92a7a015d55885c9
browser.pipe.aria.microsoft.com,AVAILABILITY,origin.list,/home/runner/work/WindowsSpyBlocker-spy_git_crazy-max/WindowsSpyBlocker-spy_git_crazy-max/origin.list,2021-01-21 08:35:21.866320,462b09da92a7a015d55885c9
bs.serving-sys.com,AVAILABILITY,origin.list,/home/runner/work/WindowsSpyBlocker-spy_git_crazy-max/WindowsSpyBlocker-spy_git_crazy-max/origin.list,2021-01-21 08:35:25.596346,462b09da92a7a015d55885c9
c.atdmt.com,AVAILABILITY,origin.list,/home/runner/work/WindowsSpyBlocker-spy_git_crazy-max/WindowsSpyBlocker-spy_git_crazy-max/origin.list,2021-01-21 08:35:39.164617,462b09da92a7a015d55885c9
c.msn.com,AVAILABILITY,origin.list,/home/runner/work/WindowsSpyBlocker-spy_git_crazy-max/WindowsSpyBlocker-spy_git_crazy-max/origin.list,2021-01-21 08:35:42.890205,462b09da92a7a015d55885c9
cache.datamart.windows.com,AVAILABILITY,origin.list,/home/runner/work/WindowsSpyBlocker-spy_git_crazy-max/WindowsSpyBlocker-spy_git_crazy-max/origin.list,2021-01-21 08:35:49.888602,462b09da92a7a015d55885c9
cdn.atdmt.com,AVAILABILITY,origin.list,/home/runner/work/WindowsSpyBlocker-spy_git_crazy-max/WindowsSpyBlocker-spy_git_crazy-max/origin.list,2021-01-21 08:35:53.641108,462b09da92a7a015d55885c9
cds10.stn.llnw.net,AVAILABILITY,origin.list,/home/runner/work/WindowsSpyBlocker-spy_git_crazy-max/WindowsSpyBlocker-spy_git_crazy-max/origin.list,2021-01-21 08:35:58.584885,462b09da92a7a015d55885c9
cds1203.lon.llnw.net,AVAILABILITY,origin.list,/home/runner/work/WindowsSpyBlocker-spy_git_crazy-max/WindowsSpyBlocker-spy_git_crazy-max/origin.list,2021-01-21 08:36:03.441639,462b09da92a7a015d55885c9
cds1204.lon.llnw.net,AVAILABILITY,origin.list,/home/runner/work/WindowsSpyBlocker-spy_git_crazy-max/WindowsSpyBlocker-spy_git_crazy-max/origin.list,2021-01-21 08:36:08.292238,462b09da92a7a015d55885c9
cds1209.lon.llnw.net,AVAILABILITY,origin.list,/home/runner/work/WindowsSpyBlocker-spy_git_crazy-max/WindowsSpyBlocker-spy_git_crazy-max/origin.list,2021-01-21 08:36:13.185245,462b09da92a7a015d55885c9
cds1219.lon.llnw.net,AVAILABILITY,origin.list,/home/runner/work/WindowsSpyBlocker-spy_git_crazy-max/WindowsSpyBlocker-spy_git_crazy-max/origin.list,2021-01-21 08:36:18.077641,462b09da92a7a015d55885c9
cds1228.lon.llnw.net,AVAILABILITY,origin.list,/home/runner/work/WindowsSpyBlocker-spy_git_crazy-max/WindowsSpyBlocker-spy_git_crazy-max/origin.list,2021-01-21 08:36:22.890210,462b09da92a7a015d55885c9
cds1244.lon.llnw.net,AVAILABILITY,origin.list,/home/runner/work/WindowsSpyBlocker-spy_git_crazy-max/WindowsSpyBlocker-spy_git_crazy-max/origin.list,2021-01-21 08:36:27.740548,462b09da92a7a015d55885c9
cds1257.lon.llnw.net,AVAILABILITY,origin.list,/home/runner/work/WindowsSpyBlocker-spy_git_crazy-max/WindowsSpyBlocker-spy_git_crazy-max/origin.list,2021-01-21 08:36:32.598758,462b09da92a7a015d55885c9
cds1265.lon.llnw.net,AVAILABILITY,origin.list,/home/runner/work/WindowsSpyBlocker-spy_git_crazy-max/WindowsSpyBlocker-spy_git_crazy-max/origin.list,2021-01-21 08:36:37.486971,462b09da92a7a015d55885c9
cds1269.lon.llnw.net,AVAILABILITY,origin.list,/home/runner/work/WindowsSpyBlocker-spy_git_crazy-max/WindowsSpyBlocker-spy_git_crazy-max/origin.list,2021-01-21 08:36:42.304051,462b09da92a7a015d55885c9
cds1273.lon.llnw.net,AVAILABILITY,origin.list,/home/runner/work/WindowsSpyBlocker-spy_git_crazy-max/WindowsSpyBlocker-spy_git_crazy-max/origin.list,2021-01-21 08:36:47.054302,462b09da92a7a015d55885c9
cds1285.lon.llnw.net,AVAILABILITY,origin.list,/home/runner/work/WindowsSpyBlocker-spy_git_crazy-max/WindowsSpyBlocker-spy_git_crazy-max/origin.list,2021-01-21 08:36:51.867156,462b09da92a7a015d55885c9
cds1287.lon.llnw.net,AVAILABILITY,origin.list,/home/runner/work/WindowsSpyBlocker-spy_git_crazy-max/WindowsSpyBlocker-spy_git_crazy-max/origin.list,2021-01-21 08:36:56.648393,462b09da92a7a015d55885c9
cds1289.lon.llnw.net,AVAILABILITY,origin.list,/home/runner/work/WindowsSpyBlocker-spy_git_crazy-max/WindowsSpyBlocker-spy_git_crazy-max/origin.list,2021-01-21 08:37:01.471024,462b09da92a7a015d55885c9
cds1293.lon.llnw.net,AVAILABILITY,origin.list,/home/runner/work/WindowsSpyBlocker-spy_git_crazy-max/WindowsSpyBlocker-spy_git_crazy-max/origin.list,2021-01-21 08:37:06.354127,462b09da92a7a015d55885c9
cds1307.lon.llnw.net,AVAILABILITY,origin.list,/home/runner/work/WindowsSpyBlocker-spy_git_crazy-max/WindowsSpyBlocker-spy_git_crazy-max/origin.list,2021-01-21 08:37:11.172273,462b09da92a7a015d55885c9
cds1310.lon.llnw.net,AVAILABILITY,origin.list,/home/runner/work/WindowsSpyBlocker-spy_git_crazy-max/WindowsSpyBlocker-spy_git_crazy-max/origin.list,2021-01-21 08:37:16.028076,462b09da92a7a015d55885c9
cds1325.lon.llnw.net,AVAILABILITY,origin.list,/home/runner/work/WindowsSpyBlocker-spy_git_crazy-max/WindowsSpyBlocker-spy_git_crazy-max/origin.list,2021-01-21 08:37:20.878500,462b09da92a7a015d55885c9
cds177.dus.llnw.net,AVAILABILITY,origin.list,/home/runner/work/WindowsSpyBlocker-spy_git_crazy-max/WindowsSpyBlocker-spy_git_crazy-max/origin.list,2021-01-21 08:37:28.988695,462b09da92a7a015d55885c9
cds308.lcy.llnw.net,AVAILABILITY,origin.list,/home/runner/work/WindowsSpyBlocker-spy_git_crazy-max/WindowsSpyBlocker-spy_git_crazy-max/origin.list,2021-01-21 08:39:50.524947,462b09da92a7a015d55885c9
cds310.lcy.llnw.net,AVAILABILITY,origin.list,/home/runner/work/WindowsSpyBlocker-spy_git_crazy-max/WindowsSpyBlocker-spy_git_crazy-max/origin.list,2021-01-21 08:39:58.600720,462b09da92a7a015d55885c9
cds38.ory.llnw.net,AVAILABILITY,origin.list,/home/runner/work/WindowsSpyBlocker-spy_git_crazy-max/WindowsSpyBlocker-spy_git_crazy-max/origin.list,2021-01-21 08:40:03.390445,462b09da92a7a015d55885c9
cds54.ory.llnw.net,AVAILABILITY,origin.list,/home/runner/work/WindowsSpyBlocker-spy_git_crazy-max/WindowsSpyBlocker-spy_git_crazy-max/origin.list,2021-01-21 08:40:08.277373,462b09da92a7a015d55885c9
cds405.lcy.llnw.net,AVAILABILITY,origin.list,/home/runner/work/WindowsSpyBlocker-spy_git_crazy-max/WindowsSpyBlocker-spy_git_crazy-max/origin.list,2021-01-21 08:40:13.129561,462b09da92a7a015d55885c9
cds406.lcy.llnw.net,AVAILABILITY,origin.list,/home/runner/work/WindowsSpyBlocker-spy_git_crazy-max/WindowsSpyBlocker-spy_git_crazy-max/origin.list,2021-01-21 08:40:18.023936,462b09da92a7a015d55885c9
cds407.fra.llnw.net,AVAILABILITY,origin.list,/home/runner/work/WindowsSpyBlocker-spy_git_crazy-max/WindowsSpyBlocker-spy_git_crazy-max/origin.list,2021-01-21 08:40:22.876576,462b09da92a7a015d55885c9
cds416.lcy.llnw.net,AVAILABILITY,origin.list,/home/runner/work/WindowsSpyBlocker-spy_git_crazy-max/WindowsSpyBlocker-spy_git_crazy-max/origin.list,2021-01-21 08:40:27.732479,462b09da92a7a015d55885c9
cds421.lcy.llnw.net,AVAILABILITY,origin.list,/home/runner/work/WindowsSpyBlocker-spy_git_crazy-max/WindowsSpyBlocker-spy_git_crazy-max/origin.list,2021-01-21 08:40:32.591762,462b09da92a7a015d55885c9
cds422.lcy.llnw.net,AVAILABILITY,origin.list,/home/runner/work/WindowsSpyBlocker-spy_git_crazy-max/WindowsSpyBlocker-spy_git_crazy-max/origin.list,2021-01-21 08:40:37.415782,462b09da92a7a015d55885c9
cds425.lcy.llnw.net,AVAILABILITY,origin.list,/home/runner/work/WindowsSpyBlocker-spy_git_crazy-max/WindowsSpyBlocker-spy_git_crazy-max/origin.list,2021-01-21 08:40:42.235159,462b09da92a7a015d55885c9
cds426.lcy.llnw.net,AVAILABILITY,origin.list,/home/runner/work/WindowsSpyBlocker-spy_git_crazy-max/WindowsSpyBlocker-spy_git_crazy-max/origin.list,2021-01-21 08:40:47.100370,462b09da92a7a015d55885c9
cds447.lcy.llnw.net,AVAILABILITY,origin.list,/home/runner/work/WindowsSpyBlocker-spy_git_crazy-max/WindowsSpyBlocker-spy_git_crazy-max/origin.list,2021-01-21 08:40:51.954260,462b09da92a7a015d55885c9
cds458.lcy.llnw.net,AVAILABILITY,origin.list,/home/runner/work/WindowsSpyBlocker-spy_git_crazy-max/WindowsSpyBlocker-spy_git_crazy-max/origin.list,2021-01-21 08:40:56.946149,462b09da92a7a015d55885c9
cds459.lcy.llnw.net,AVAILABILITY,origin.list,/home/runner/work/WindowsSpyBlocker-spy_git_crazy-max/WindowsSpyBlocker-spy_git_crazy-max/origin.list,2021-01-21 08:41:01.800951,462b09da92a7a015d55885c9
cds461.lcy.llnw.net,AVAILABILITY,origin.list,/home/runner/work/WindowsSpyBlocker-spy_git_crazy-max/WindowsSpyBlocker-spy_git_crazy-max/origin.list,2021-01-21 08:41:06.625171,462b09da92a7a015d55885c9
cds468.lcy.llnw.net,AVAILABILITY,origin.list,/home/runner/work/WindowsSpyBlocker-spy_git_crazy-max/WindowsSpyBlocker-spy_git_crazy-max/origin.list,2021-01-21 08:41:11.590454,462b09da92a7a015d55885c9
cds469.lcy.llnw.net,AVAILABILITY,origin.list,/home/runner/work/WindowsSpyBlocker-spy_git_crazy-max/WindowsSpyBlocker-spy_git_crazy-max/origin.list,2021-01-21 08:41:16.548770,462b09da92a7a015d55885c9
cds471.lcy.llnw.net,AVAILABILITY,origin.list,/home/runner/work/WindowsSpyBlocker-spy_git_crazy-max/WindowsSpyBlocker-spy_git_crazy-max/origin.list,2021-01-21 08:41:21.371899,462b09da92a7a015d55885c9
cds484.lcy.llnw.net,AVAILABILITY,origin.list,/home/runner/work/WindowsSpyBlocker-spy_git_crazy-max/WindowsSpyBlocker-spy_git_crazy-max/origin.list,2021-01-21 08:41:29.448244,462b09da92a7a015d55885c9
cds489.lcy.llnw.net,AVAILABILITY,origin.list,/home/runner/work/WindowsSpyBlocker-spy_git_crazy-max/WindowsSpyBlocker-spy_git_crazy-max/origin.list,2021-01-21 08:41:34.398518,462b09da92a7a015d55885c9
cds493.lcy.llnw.net,AVAILABILITY,origin.list,/home/runner/work/WindowsSpyBlocker-spy_git_crazy-max/WindowsSpyBlocker-spy_git_crazy-max/origin.list,2021-01-21 08:41:39.356284,462b09da92a7a015d55885c9
cds494.lcy.llnw.net,AVAILABILITY,origin.list,/home/runner/work/WindowsSpyBlocker-spy_git_crazy-max/WindowsSpyBlocker-spy_git_crazy-max/origin.list,2021-01-21 08:41:44.189423,462b09da92a7a015d55885c9
cds812.lon.llnw.net,AVAILABILITY,origin.list,/home/runner/work/WindowsSpyBlocker-spy_git_crazy-max/WindowsSpyBlocker-spy_git_crazy-max/origin.list,2021-01-21 08:41:49.012122,462b09da92a7a015d55885c9
cds818.lon.llnw.net,AVAILABILITY,origin.list,/home/runner/work/WindowsSpyBlocker-spy_git_crazy-max/WindowsSpyBlocker-spy_git_crazy-max/origin.list,2021-01-21 08:41:57.162667,462b09da92a7a015d55885c9
cds832.lon.llnw.net,AVAILABILITY,origin.list,/home/runner/work/WindowsSpyBlocker-spy_git_crazy-max/WindowsSpyBlocker-spy_git_crazy-max/origin.list,2021-01-21 08:42:02.054517,462b09da92a7a015d55885c9
cds836.lon.llnw.net,AVAILABILITY,origin.list,/home/runner/work/WindowsSpyBlocker-spy_git_crazy-max/WindowsSpyBlocker-spy_git_crazy-max/origin.list,2021-01-21 08:42:06.911906,462b09da92a7a015d55885c9
cds840.lon.llnw.net,AVAILABILITY,origin.list,/home/runner/work/WindowsSpyBlocker-spy_git_crazy-max/WindowsSpyBlocker-spy_git_crazy-max/origin.list,2021-01-21 08:42:11.665034,462b09da92a7a015d55885c9
cds857.lon.llnw.net,AVAILABILITY,origin.list,/home/runner/work/WindowsSpyBlocker-spy_git_crazy-max/WindowsSpyBlocker-spy_git_crazy-max/origin.list,2021-01-21 08:42:19.806583,462b09da92a7a015d55885c9
cds868.lon.llnw.net,AVAILABILITY,origin.list,/home/runner/work/WindowsSpyBlocker-spy_git_crazy-max/WindowsSpyBlocker-spy_git_crazy-max/origin.list,2021-01-21 08:42:24.690488,462b09da92a7a015d55885c9
cds869.lon.llnw.net,AVAILABILITY,origin.list,/home/runner/work/WindowsSpyBlocker-spy_git_crazy-max/WindowsSpyBlocker-spy_git_crazy-max/origin.list,2021-01-21 08:42:29.501331,462b09da92a7a015d55885c9
ceuswatcab01.blob.core.windows.net,AVAILABILITY,origin.list,/home/runner/work/WindowsSpyBlocker-spy_git_crazy-max/WindowsSpyBlocker-spy_git_crazy-max/origin.list,2021-01-21 08:42:33.242630,462b09da92a7a015d55885c9
ceuswatcab02.blob.core.windows.net,AVAILABILITY,origin.list,/home/runner/work/WindowsSpyBlocker-spy_git_crazy-max/WindowsSpyBlocker-spy_git_crazy-max/origin.list,2021-01-21 08:42:37.094581,462b09da92a7a015d55885c9
ch1-cor001.api.p001.1drv.com,AVAILABILITY,origin.list,/home/runner/work/WindowsSpyBlocker-spy_git_crazy-max/WindowsSpyBlocker-spy_git_crazy-max/origin.list,2021-01-21 08:42:41.909000,462b09da92a7a015d55885c9
ch1-cor002.api.p001.1drv.com,AVAILABILITY,origin.list,/home/runner/work/WindowsSpyBlocker-spy_git_crazy-max/WindowsSpyBlocker-spy_git_crazy-max/origin.list,2021-01-21 08:42:46.767546,462b09da92a7a015d55885c9
continuum.dds.microsoft.com,AVAILABILITY,origin.list,/home/runner/work/WindowsSpyBlocker-spy_git_crazy-max/WindowsSpyBlocker-spy_git_crazy-max/origin.list,2021-01-21 08:43:10.087873,462b09da92a7a015d55885c9
corpext.msitadfs.glbdns2.microsoft.com,AVAILABILITY,origin.list,/home/runner/work/WindowsSpyBlocker-spy_git_crazy-max/WindowsSpyBlocker-spy_git_crazy-max/origin.list,2021-01-21 08:43:17.222893,462b09da92a7a015d55885c9
cs.dds.microsoft.com,AVAILABILITY,origin.list,/home/runner/work/WindowsSpyBlocker-spy_git_crazy-max/WindowsSpyBlocker-spy_git_crazy-max/origin.list,2021-01-21 08:43:20.928778,462b09da92a7a015d55885c9
cs1.wpc.v0cdn.net,AVAILABILITY,origin.list,/home/runner/work/WindowsSpyBlocker-spy_git_crazy-max/WindowsSpyBlocker-spy_git_crazy-max/origin.list,2021-01-21 08:43:25.720655,462b09da92a7a015d55885c9
cy2.vortex.data.microsoft.com.akadns.net,AVAILABILITY,origin.list,/home/runner/work/WindowsSpyBlocker-spy_git_crazy-max/WindowsSpyBlocker-spy_git_crazy-max/origin.list,2021-01-21 08:43:30.380285,462b09da92a7a015d55885c9
db3aqu.atdmt.com,AVAILABILITY,origin.list,/home/runner/work/WindowsSpyBlocker-spy_git_crazy-max/WindowsSpyBlocker-spy_git_crazy-max/origin.list,2021-01-21 08:43:35.082828,462b09da92a7a015d55885c9
db5.settings.data.microsoft.com.akadns.net,AVAILABILITY,origin.list,/home/runner/work/WindowsSpyBlocker-spy_git_crazy-max/WindowsSpyBlocker-spy_git_crazy-max/origin.list,2021-01-21 08:43:39.686709,462b09da92a7a015d55885c9
db5.vortex.data.microsoft.com.akadns.net,AVAILABILITY,origin.list,/home/runner/work/WindowsSpyBlocker-spy_git_crazy-max/WindowsSpyBlocker-spy_git_crazy-max/origin.list,2021-01-21 08:43:47.555534,462b09da92a7a015d55885c9
df.telemetry.microsoft.com,AVAILABILITY,origin.list,/home/runner/work/WindowsSpyBlocker-spy_git_crazy-max/WindowsSpyBlocker-spy_git_crazy-max/origin.list,2021-01-21 08:43:55.682774,462b09da92a7a015d55885c9
diagnostics.support.microsoft.com,AVAILABILITY,origin.list,/home/runner/work/WindowsSpyBlocker-spy_git_crazy-max/WindowsSpyBlocker-spy_git_crazy-max/origin.list,2021-01-21 08:43:59.404912,462b09da92a7a015d55885c9
eaus2watcab01.blob.core.windows.net,AVAILABILITY,origin.list,/home/runner/work/WindowsSpyBlocker-spy_git_crazy-max/WindowsSpyBlocker-spy_git_crazy-max/origin.list,2021-01-21 08:44:03.152121,462b09da92a7a015d55885c9
eaus2watcab02.blob.core.windows.net,AVAILABILITY,origin.list,/home/runner/work/WindowsSpyBlocker-spy_git_crazy-max/WindowsSpyBlocker-spy_git_crazy-max/origin.list,2021-01-21 08:44:06.946233,462b09da92a7a015d55885c9
ec.atdmt.com,AVAILABILITY,origin.list,/home/runner/work/WindowsSpyBlocker-spy_git_crazy-max/WindowsSpyBlocker-spy_git_crazy-max/origin.list,2021-01-21 08:44:10.832414,462b09da92a7a015d55885c9
flex.msn.com,AVAILABILITY,origin.list,/home/runner/work/WindowsSpyBlocker-spy_git_crazy-max/WindowsSpyBlocker-spy_git_crazy-max/origin.list,2021-01-21 08:44:14.581837,462b09da92a7a015d55885c9
g.msn.com,AVAILABILITY,origin.list,/home/runner/work/WindowsSpyBlocker-spy_git_crazy-max/WindowsSpyBlocker-spy_git_crazy-max/origin.list,2021-01-21 08:44:18.430522,462b09da92a7a015d55885c9
geo.settings.data.microsoft.com.akadns.net,AVAILABILITY,origin.list,/home/runner/work/WindowsSpyBlocker-spy_git_crazy-max/WindowsSpyBlocker-spy_git_crazy-max/origin.list,2021-01-21 08:44:22.347214,462b09da92a7a015d55885c9
geo.vortex.data.microsoft.com.akadns.net,AVAILABILITY,origin.list,/home/runner/work/WindowsSpyBlocker-spy_git_crazy-max/WindowsSpyBlocker-spy_git_crazy-max/origin.list,2021-01-21 08:44:29.340174,462b09da92a7a015d55885c9
h1.msn.com,AVAILABILITY,origin.list,/home/runner/work/WindowsSpyBlocker-spy_git_crazy-max/WindowsSpyBlocker-spy_git_crazy-max/origin.list,2021-01-21 08:44:33.137519,462b09da92a7a015d55885c9
h2.msn.com,AVAILABILITY,origin.list,/home/runner/work/WindowsSpyBlocker-spy_git_crazy-max/WindowsSpyBlocker-spy_git_crazy-max/origin.list,2021-01-21 08:44:36.856113,462b09da92a7a015d55885c9
hk2.settings.data.microsoft.com.akadns.net,AVAILABILITY,origin.list,/home/runner/work/WindowsSpyBlocker-spy_git_crazy-max/WindowsSpyBlocker-spy_git_crazy-max/origin.list,2021-01-21 08:44:41.533863,462b09da92a7a015d55885c9
hk2.wns.windows.com,AVAILABILITY,origin.list,/home/runner/work/WindowsSpyBlocker-spy_git_crazy-max/WindowsSpyBlocker-spy_git_crazy-max/origin.list,2021-01-21 08:44:45.525794,462b09da92a7a015d55885c9
hk2sch130020721.wns.windows.com,AVAILABILITY,origin.list,/home/runner/work/WindowsSpyBlocker-spy_git_crazy-max/WindowsSpyBlocker-spy_git_crazy-max/origin.list,2021-01-21 08:44:50.419247,462b09da92a7a015d55885c9
hk2sch130020723.wns.windows.com,AVAILABILITY,origin.list,/home/runner/work/WindowsSpyBlocker-spy_git_crazy-max/WindowsSpyBlocker-spy_git_crazy-max/origin.list,2021-01-21 08:44:55.271609,462b09da92a7a015d55885c9
hk2sch130020726.wns.windows.com,AVAILABILITY,origin.list,/home/runner/work/WindowsSpyBlocker-spy_git_crazy-max/WindowsSpyBlocker-spy_git_crazy-max/origin.list,2021-01-21 08:45:00.120624,462b09da92a7a015d55885c9
hk2sch130020729.wns.windows.com,AVAILABILITY,origin.list,/home/runner/work/WindowsSpyBlocker-spy_git_crazy-max/WindowsSpyBlocker-spy_git_crazy-max/origin.list,2021-01-21 08:45:05.025684,462b09da92a7a015d55885c9
hk2sch130020732.wns.windows.com,AVAILABILITY,origin.list,/home/runner/work/WindowsSpyBlocker-spy_git_crazy-max/WindowsSpyBlocker-spy_git_crazy-max/origin.list,2021-01-21 08:45:09.902136,462b09da92a7a015d55885c9
hk2sch130020824.wns.windows.com,AVAILABILITY,origin.list,/home/runner/work/WindowsSpyBlocker-spy_git_crazy-max/WindowsSpyBlocker-spy_git_crazy-max/origin.list,2021-01-21 08:45:14.760708,462b09da92a7a015d55885c9
hk2sch130020843.wns.windows.com,AVAILABILITY,origin.list,/home/runner/work/WindowsSpyBlocker-spy_git_crazy-max/WindowsSpyBlocker-spy_git_crazy-max/origin.list,2021-01-21 08:45:19.572927,462b09da92a7a015d55885c9
hk2sch130020851.wns.windows.com,AVAILABILITY,origin.list,/home/runner/work/WindowsSpyBlocker-spy_git_crazy-max/WindowsSpyBlocker-spy_git_crazy-max/origin.list,2021-01-21 08:45:24.396166,462b09da92a7a015d55885c9
hk2sch130020854.wns.windows.com,AVAILABILITY,origin.list,/home/runner/work/WindowsSpyBlocker-spy_git_crazy-max/WindowsSpyBlocker-spy_git_crazy-max/origin.list,2021-01-21 08:45:29.213726,462b09da92a7a015d55885c9
hk2sch130020855.wns.windows.com,AVAILABILITY,origin.list,/home/runner/work/WindowsSpyBlocker-spy_git_crazy-max/WindowsSpyBlocker-spy_git_crazy-max/origin.list,2021-01-21 08:45:35.042124,462b09da92a7a015d55885c9
hk2sch130020924.wns.windows.com,AVAILABILITY,origin.list,/home/runner/work/WindowsSpyBlocker-spy_git_crazy-max/WindowsSpyBlocker-spy_git_crazy-max/origin.list,2021-01-21 08:45:39.814061,462b09da92a7a015d55885c9
hk2sch130020936.wns.windows.com,AVAILABILITY,origin.list,/home/runner/work/WindowsSpyBlocker-spy_git_crazy-max/WindowsSpyBlocker-spy_git_crazy-max/origin.list,2021-01-21 08:45:44.717711,462b09da92a7a015d55885c9
hk2sch130020940.wns.windows.com,AVAILABILITY,origin.list,/home/runner/work/WindowsSpyBlocker-spy_git_crazy-max/WindowsSpyBlocker-spy_git_crazy-max/origin.list,2021-01-21 08:45:49.584243,462b09da92a7a015d55885c9
hk2sch130020956.wns.windows.com,AVAILABILITY,origin.list,/home/runner/work/WindowsSpyBlocker-spy_git_crazy-max/WindowsSpyBlocker-spy_git_crazy-max/origin.list,2021-01-21 08:45:54.467826,462b09da92a7a015d55885c9
hk2sch130020958.wns.windows.com,AVAILABILITY,origin.list,/home/runner/work/WindowsSpyBlocker-spy_git_crazy-max/WindowsSpyBlocker-spy_git_crazy-max/origin.list,2021-01-21 08:45:59.265127,462b09da92a7a015d55885c9
hk2sch130020961.wns.windows.com,AVAILABILITY,origin.list,/home/runner/work/WindowsSpyBlocker-spy_git_crazy-max/WindowsSpyBlocker-spy_git_crazy-max/origin.list,2021-01-21 08:46:04.137948,462b09da92a7a015d55885c9
hk2sch130021017.wns.windows.com,AVAILABILITY,origin.list,/home/runner/work/WindowsSpyBlocker-spy_git_crazy-max/WindowsSpyBlocker-spy_git_crazy-max/origin.list,2021-01-21 08:46:08.994600,462b09da92a7a015d55885c9
hk2sch130021029.wns.windows.com,AVAILABILITY,origin.list,/home/runner/work/WindowsSpyBlocker-spy_git_crazy-max/WindowsSpyBlocker-spy_git_crazy-max/origin.list,2021-01-21 08:46:13.824244,462b09da92a7a015d55885c9
hk2sch130021035.wns.windows.com,AVAILABILITY,origin.list,/home/runner/work/WindowsSpyBlocker-spy_git_crazy-max/WindowsSpyBlocker-spy_git_crazy-max/origin.list,2021-01-21 08:46:18.672989,462b09da92a7a015d55885c9
hk2sch130021137.wns.windows.com,AVAILABILITY,origin.list,/home/runner/work/WindowsSpyBlocker-spy_git_crazy-max/WindowsSpyBlocker-spy_git_crazy-max/origin.list,2021-01-21 08:46:23.567137,462b09da92a7a015d55885c9
hk2sch130021142.wns.windows.com,AVAILABILITY,origin.list,/home/runner/work/WindowsSpyBlocker-spy_git_crazy-max/WindowsSpyBlocker-spy_git_crazy-max/origin.list,2021-01-21 08:46:28.438619,462b09da92a7a015d55885c9
hk2sch130021153.wns.windows.com,AVAILABILITY,origin.list,/home/runner/work/WindowsSpyBlocker-spy_git_crazy-max/WindowsSpyBlocker-spy_git_crazy-max/origin.list,2021-01-21 08:46:33.320780,462b09da92a7a015d55885c9
hk2sch130021217.wns.windows.com,AVAILABILITY,origin.list,/home/runner/work/WindowsSpyBlocker-spy_git_crazy-max/WindowsSpyBlocker-spy_git_crazy-max/origin.list,2021-01-21 08:46:38.159685,462b09da92a7a015d55885c9
hk2sch130021246.wns.windows.com,AVAILABILITY,origin.list,/home/runner/work/WindowsSpyBlocker-spy_git_crazy-max/WindowsSpyBlocker-spy_git_crazy-max/origin.list,2021-01-21 08:46:43.054362,462b09da92a7a015d55885c9
hk2sch130021249.wns.windows.com,AVAILABILITY,origin.list,/home/runner/work/WindowsSpyBlocker-spy_git_crazy-max/WindowsSpyBlocker-spy_git_crazy-max/origin.list,2021-01-21 08:46:47.975842,462b09da92a7a015d55885c9
hk2sch130021260.wns.windows.com,AVAILABILITY,origin.list,/home/runner/work/WindowsSpyBlocker-spy_git_crazy-max/WindowsSpyBlocker-spy_git_crazy-max/origin.list,2021-01-21 08:46:52.845191,462b09da92a7a015d55885c9
hk2sch130021264.wns.windows.com,AVAILABILITY,origin.list,/home/runner/work/WindowsSpyBlocker-spy_git_crazy-max/WindowsSpyBlocker-spy_git_crazy-max/origin.list,2021-01-21 08:46:57.722707,462b09da92a7a015d55885c9
hk2sch130021322.wns.windows.com,AVAILABILITY,origin.list,/home/runner/work/WindowsSpyBlocker-spy_git_crazy-max/WindowsSpyBlocker-spy_git_crazy-max/origin.list,2021-01-21 08:47:02.561286,462b09da92a7a015d55885c9
hk2sch130021323.wns.windows.com,AVAILABILITY,origin.list,/home/runner/work/WindowsSpyBlocker-spy_git_crazy-max/WindowsSpyBlocker-spy_git_crazy-max/origin.list,2021-01-21 08:47:07.458899,462b09da92a7a015d55885c9
hk2sch130021329.wns.windows.com,AVAILABILITY,origin.list,/home/runner/work/WindowsSpyBlocker-spy_git_crazy-max/WindowsSpyBlocker-spy_git_crazy-max/origin.list,2021-01-21 08:47:12.288509,462b09da92a7a015d55885c9
hk2sch130021334.wns.windows.com,AVAILABILITY,origin.list,/home/runner/work/WindowsSpyBlocker-spy_git_crazy-max/WindowsSpyBlocker-spy_git_crazy-max/origin.list,2021-01-21 08:47:17.116399,462b09da92a7a015d55885c9
hk2sch130021360.wns.windows.com,AVAILABILITY,origin.list,/home/runner/work/WindowsSpyBlocker-spy_git_crazy-max/WindowsSpyBlocker-spy_git_crazy-max/origin.list,2021-01-21 08:47:22.009803,462b09da92a7a015d55885c9
hk2sch130021432.wns.windows.com,AVAILABILITY,origin.list,/home/runner/work/WindowsSpyBlocker-spy_git_crazy-max/WindowsSpyBlocker-spy_git_crazy-max/origin.list,2021-01-21 08:47:26.885683,462b09da92a7a015d55885c9
hk2sch130021433.wns.windows.com,AVAILABILITY,origin.list,/home/runner/work/WindowsSpyBlocker-spy_git_crazy-max/WindowsSpyBlocker-spy_git_crazy-max/origin.list,2021-01-21 08:47:31.711775,462b09da92a7a015d55885c9
hk2sch130021435.wns.windows.com,AVAILABILITY,origin.list,/home/runner/work/WindowsSpyBlocker-spy_git_crazy-max/WindowsSpyBlocker-spy_git_crazy-max/origin.list,2021-01-21 08:47:36.556988,462b09da92a7a015d55885c9
hk2sch130021437.wns.windows.com,AVAILABILITY,origin.list,/home/runner/work/WindowsSpyBlocker-spy_git_crazy-max/WindowsSpyBlocker-spy_git_crazy-max/origin.list,2021-01-21 08:47:41.364153,462b09da92a7a015d55885c9
hk2sch130021440.wns.windows.com,AVAILABILITY,origin.list,/home/runner/work/WindowsSpyBlocker-spy_git_crazy-max/WindowsSpyBlocker-spy_git_crazy-max/origin.list,2021-01-21 08:47:46.244388,462b09da92a7a015d55885c9
hk2sch130021450.wns.windows.com,AVAILABILITY,origin.list,/home/runner/work/WindowsSpyBlocker-spy_git_crazy-max/WindowsSpyBlocker-spy_git_crazy-max/origin.list,2021-01-21 08:47:51.116014,462b09da92a7a015d55885c9
hk2sch130021518.wns.windows.com,AVAILABILITY,origin.list,/home/runner/work/WindowsSpyBlocker-spy_git_crazy-max/WindowsSpyBlocker-spy_git_crazy-max/origin.list,2021-01-21 08:47:56.014654,462b09da92a7a015d55885c9
hk2sch130021523.wns.windows.com,AVAILABILITY,origin.list,/home/runner/work/WindowsSpyBlocker-spy_git_crazy-max/WindowsSpyBlocker-spy_git_crazy-max/origin.list,2021-01-21 08:48:00.884964,462b09da92a7a015d55885c9
hk2sch130021526.wns.windows.com,AVAILABILITY,origin.list,/home/runner/work/WindowsSpyBlocker-spy_git_crazy-max/WindowsSpyBlocker-spy_git_crazy-max/origin.list,2021-01-21 08:48:05.717058,462b09da92a7a015d55885c9
hk2sch130021527.wns.windows.com,AVAILABILITY,origin.list,/home/runner/work/WindowsSpyBlocker-spy_git_crazy-max/WindowsSpyBlocker-spy_git_crazy-max/origin.list,2021-01-21 08:48:10.527112,462b09da92a7a015d55885c9
hk2sch130021544.wns.windows.com,AVAILABILITY,origin.list,/home/runner/work/WindowsSpyBlocker-spy_git_crazy-max/WindowsSpyBlocker-spy_git_crazy-max/origin.list,2021-01-21 08:48:15.377679,462b09da92a7a015d55885c9
hk2sch130021554.wns.windows.com,AVAILABILITY,origin.list,/home/runner/work/WindowsSpyBlocker-spy_git_crazy-max/WindowsSpyBlocker-spy_git_crazy-max/origin.list,2021-01-21 08:48:20.289859,462b09da92a7a015d55885c9
hk2sch130021618.wns.windows.com,AVAILABILITY,origin.list,/home/runner/work/WindowsSpyBlocker-spy_git_crazy-max/WindowsSpyBlocker-spy_git_crazy-max/origin.list,2021-01-21 08:48:25.112737,462b09da92a7a015d55885c9
hk2sch130021634.wns.windows.com,AVAILABILITY,origin.list,/home/runner/work/WindowsSpyBlocker-spy_git_crazy-max/WindowsSpyBlocker-spy_git_crazy-max/origin.list,2021-01-21 08:48:30.093831,462b09da92a7a015d55885c9
hk2sch130021638.wns.windows.com,AVAILABILITY,origin.list,/home/runner/work/WindowsSpyBlocker-spy_git_crazy-max/WindowsSpyBlocker-spy_git_crazy-max/origin.list,2021-01-21 08:48:35.000716,462b09da92a7a015d55885c9
hk2sch130021646.wns.windows.com,AVAILABILITY,origin.list,/home/runner/work/WindowsSpyBlocker-spy_git_crazy-max/WindowsSpyBlocker-spy_git_crazy-max/origin.list,2021-01-21 08:48:39.858516,462b09da92a7a015d55885c9
hk2sch130021652.wns.windows.com,AVAILABILITY,origin.list,/home/runner/work/WindowsSpyBlocker-spy_git_crazy-max/WindowsSpyBlocker-spy_git_crazy-max/origin.list,2021-01-21 08:48:44.684760,462b09da92a7a015d55885c9
hk2sch130021654.wns.windows.com,AVAILABILITY,origin.list,/home/runner/work/WindowsSpyBlocker-spy_git_crazy-max/WindowsSpyBlocker-spy_git_crazy-max/origin.list,2021-01-21 08:48:49.498477,462b09da92a7a015d55885c9
hk2sch130021657.wns.windows.com,AVAILABILITY,origin.list,/home/runner/work/WindowsSpyBlocker-spy_git_crazy-max/WindowsSpyBlocker-spy_git_crazy-max/origin.list,2021-01-21 08:48:54.365187,462b09da92a7a015d55885c9
hk2sch130021723.wns.windows.com,AVAILABILITY,origin.list,/home/runner/work/WindowsSpyBlocker-spy_git_crazy-max/WindowsSpyBlocker-spy_git_crazy-max/origin.list,2021-01-21 08:48:59.246863,462b09da92a7a015d55885c9
hk2sch130021726.wns.windows.com,AVAILABILITY,origin.list,/home/runner/work/WindowsSpyBlocker-spy_git_crazy-max/WindowsSpyBlocker-spy_git_crazy-max/origin.list,2021-01-21 08:49:04.062193,462b09da92a7a015d55885c9
hk2sch130021727.wns.windows.com,AVAILABILITY,origin.list,/home/runner/work/WindowsSpyBlocker-spy_git_crazy-max/WindowsSpyBlocker-spy_git_crazy-max/origin.list,2021-01-21 08:49:08.896048,462b09da92a7a015d55885c9
hk2sch130021730.wns.windows.com,AVAILABILITY,origin.list,/home/runner/work/WindowsSpyBlocker-spy_git_crazy-max/WindowsSpyBlocker-spy_git_crazy-max/origin.list,2021-01-21 08:49:13.681423,462b09da92a7a015d55885c9
hk2sch130021731.wns.windows.com,AVAILABILITY,origin.list,/home/runner/work/WindowsSpyBlocker-spy_git_crazy-max/WindowsSpyBlocker-spy_git_crazy-max/origin.list,2021-01-21 08:49:19.091907,462b09da92a7a015d55885c9
hk2sch130021754.wns.windows.com,AVAILABILITY,origin.list,/home/runner/work/WindowsSpyBlocker-spy_git_crazy-max/WindowsSpyBlocker-spy_git_crazy-max/origin.list,2021-01-21 08:49:23.947539,462b09da92a7a015d55885c9
hk2sch130021829.wns.windows.com,AVAILABILITY,origin.list,/home/runner/work/WindowsSpyBlocker-spy_git_crazy-max/WindowsSpyBlocker-spy_git_crazy-max/origin.list,2021-01-21 08:49:29.833829,462b09da92a7a015d55885c9
hk2sch130021830.wns.windows.com,AVAILABILITY,origin.list,/home/runner/work/WindowsSpyBlocker-spy_git_crazy-max/WindowsSpyBlocker-spy_git_crazy-max/origin.list,2021-01-21 08:49:34.760665,462b09da92a7a015d55885c9
hk2sch130021833.wns.windows.com,AVAILABILITY,origin.list,/home/runner/work/WindowsSpyBlocker-spy_git_crazy-max/WindowsSpyBlocker-spy_git_crazy-max/origin.list,2021-01-21 08:49:39.567663,462b09da92a7a015d55885c9
hk2sch130021840.wns.windows.com,AVAILABILITY,origin.list,/home/runner/work/WindowsSpyBlocker-spy_git_crazy-max/WindowsSpyBlocker-spy_git_crazy-max/origin.list,2021-01-21 08:49:44.373631,462b09da92a7a015d55885c9
hk2sch130021842.wns.windows.com,AVAILABILITY,origin.list,/home/runner/work/WindowsSpyBlocker-spy_git_crazy-max/WindowsSpyBlocker-spy_git_crazy-max/origin.list,2021-01-21 08:49:49.190965,462b09da92a7a015d55885c9
hk2sch130021851.wns.windows.com,AVAILABILITY,origin.list,/home/runner/work/WindowsSpyBlocker-spy_git_crazy-max/WindowsSpyBlocker-spy_git_crazy-max/origin.list,2021-01-21 08:49:54.051577,462b09da92a7a015d55885c9
hk2sch130021852.wns.windows.com,AVAILABILITY,origin.list,/home/runner/work/WindowsSpyBlocker-spy_git_crazy-max/WindowsSpyBlocker-spy_git_crazy-max/origin.list,2021-01-21 08:49:58.933751,462b09da92a7a015d55885c9
hk2sch130021927.wns.windows.com,AVAILABILITY,origin.list,/home/runner/work/WindowsSpyBlocker-spy_git_crazy-max/WindowsSpyBlocker-spy_git_crazy-max/origin.list,2021-01-21 08:50:03.786843,462b09da92a7a015d55885c9
hk2sch130021928.wns.windows.com,AVAILABILITY,origin.list,/home/runner/work/WindowsSpyBlocker-spy_git_crazy-max/WindowsSpyBlocker-spy_git_crazy-max/origin.list,2021-01-21 08:50:08.653705,462b09da92a7a015d55885c9
